INS. ESTADUAL;RAZAO SOCIAL;TIPO CONTRIB.;SITUACAO CADASTRAL;LOGRADOURO;BAIRRO;MUNICIPIO;CEP;ARRECADACAO
270019154;FARMACIA MERCURIO LTDA;NORMAL;INAPTO;R ITABAIANINHA, 351;CENTRO;ARACAJU;49010190;R$ 58.129,15
270020705;RAIMUNDO & VALDEMIRA LTDA EPP;NORMAL;ATIVO;R SAO FRANCISCO DE ASSIS, 304;SANTOS DUMONT;ARACAJU;49087000;R$ 108.280,37
270043080;CASA DA HOMEOPATIA VIANA LTDA-ME;SIMPLES NACIONAL;ATIVO;R SAO CRISTOVAO, 272;CENTRO;ARACAJU;49010380;R$ 60.252,91
270544674;SAO LUCAS MEDICO HOSPITALAR LTDA;PRESTADOR DE SERVICO;ATIVO;R CEL. STANLEY SILVEIRA, 33 ,PREDIO;SAO JOSE;ARACAJU;49015400;R$ 43.177,16
270551751;AGROVEL AGRICULTURA E VETERINARIA LTDA;NORMAL;ATIVO;AV COELHO E CAMPOS, 455 ,ACESSO R LAGARTO 42AV CARLOS BURLAM 274;CENTRO;ARACAJU;49010720;R$ 10.788,57
270582932;NACIONAL GAS BUTANO DISTRIBUIDORA LTDA;NORMAL;ATIVO;AV MELICIO MACHADO, 979;ATALAIA;ARACAJU;49037445;R$ 14.825,52
270586113;FARM CIA S O PAULO LTDA   ME;NORMAL;ATIVO;AV RIO GRANDE DO SUL, 38 ,38A;SIQUEIRA CAMPOS;ARACAJU;49075510;R$ 32.411,36
270587810;DROGARIA  ALMEIDA LTDA ME;NORMAL;INAPTO;R 21 DE ABRIL, 77;DEZOITO DO FORTE;ARACAJU;49072280;R$ 11.692,49
270610766;FARMACIA SANTA RITA DE CASSIA LTDA  ME;SIMPLES NACIONAL;ATIVO;R CEL. JOAO GONCALVES, 19;PONTO NOVO;ARACAJU;49097000;R$ 45.631,90
270638555;FARMACIA MARACAJU LTDA ME;SIMPLES NACIONAL;ATIVO;AV VISC MARACAJU, 13;PALESTINA;ARACAJU;49060350;R$ 39.428,29
270711660;EDSON RABELO DOS SANTOS E CIA LTDA;NORMAL;ATIVO;AV JUSCELINO KUBITSCHEK, 120 ,FARMACIA;DEZOITO DO FORTE;ARACAJU;49072300;R$ 205.767,98
270713590;JIVALDO RODRIGUES DA SILVA;NORMAL;ATIVO;R ALAGOAS, 1327 ,TERREOJOSE C DE ARAUJO;JOSE CONRADO DE ARAUJO;ARACAJU;49085000;R$ 355.728,55
270727493;FARMACIA FERREIRA LTDA;SIMPLES NACIONAL;ATIVO;AV POCO DO MERO, 179;BUGIO;ARACAJU;49090000;R$ 76.866,07
270731440;FARMACIA MARACAJU II LTDA;SIMPLES NACIONAL;ATIVO;AV VISC MARACAJU, 332;CIDADE NOVA;ARACAJU;49070100;R$ 27.365,90
270745912;DISTRIBUIDORA VETERIN RIA E AGR COLA LTDA;NORMAL;ATIVO;AV PEDRO CALAZANS, 246;GETULIO VARGAS;ARACAJU;49055520;R$ 60.000,00
270756060;FARMACIA ZUPY GOVEIA LTDA - ME;SIMPLES NACIONAL;ATIVO;AV SANTA GLEIDE, 1019 ,GALPAO;OLARIA;ARACAJU;49090270;R$ 88.037,05
270760300;DROGARIA I & M LTDA;NORMAL;INAPTO;R SERAFIM BOMFIM, 309;SANTOS DUMONT;ARACAJU;49087610;R$ 19.982,35
270760911;FARMCIA BARRETO VASCONCELOS LTDA;SIMPLES NACIONAL;ATIVO;AV GONCALO ROLEMBERG LEITE, 1586;SUISSA;ARACAJU;49050370;R$ 50.386,71
270767347;RABELO E CIA LTDA;NORMAL;ATIVO;AV ANTONIO ALVES, 664;ATALAIA;ARACAJU;49037050;R$ 450.181,37
270767436;ENERGISA SERGIPE  DISTRIBUIDORA DE ENERGIA S.A;NORMAL;ATIVO;R MINISTRO APOLONIO SALES, 81;INACIO BARBOSA;ARACAJU;49040150;R$ 11.510,00
270789081;FARMACIA MAX LTDA;SIMPLES NACIONAL;ATIVO;R ESPIRITO SANTO, 1097;NOVO PARAISO;ARACAJU;49082170;R$ 63.479,36
270796096;FARMACIA SANTO ANDRE LTDA;SIMPLES NACIONAL;ATIVO;R D2, 85;BUGIO;ARACAJU;49090620;R$ 60.055,03
270799214;FARMARCIA DUO PHARMA LTDA;SIMPLES NACIONAL;ATIVO;AV FARM CEZARTINA REGIS, 649 ,LOJA B;JABOTIANA;ARACAJU;49095100;R$ 15.641,10
270810048;ALM FRANCA LTDA;NORMAL;INAPTO;AV HERACLITO ROLEMBERG, 350 ,TRREO;SAO CONRADO;ARACAJU;49042190;R$ 19.879,55
270822780;FARMACIA EDILMA LTDA   EPP;NORMAL;INAPTO;R GONCALO PRADO ROLEMBERG, 1540 ,LOJA 01;SAO JOSE;ARACAJU;49015230;R$ 36.553,83
270830065;FARMACIA JR SOUZA LTDA;SIMPLES NACIONAL;ATIVO;AV SAO PAULO, 2859 ,ESQ AV A. FONTES SALA;JOSE CONRADO DE ARAUJO;ARACAJU;49072310;R$ 68.796,98
270851607;NATUZA  PRODUTOS NATURAIS LTDA ME;SIMPLES NACIONAL;ATIVO;R PARTEIRA MAE QUELE, 1 ,CJ CASTELO BRANCO I;PONTO NOVO;ARACAJU;49097100;R$ 630.861,16
270853987;FARM CIA SANTA LUCIA LTDA;SIMPLES NACIONAL;ATIVO;R MELCHISEDECK DA GRACA FERNANDES, 2 ,LOJA 03;JABOTIANA;ARACAJU;49095720;R$ 110.092,68
270864903;FARMACIA VOLPE LTDA;SIMPLES NACIONAL;ATIVO;AV WALTER BARRETO, 663;SANTA MARIA;ARACAJU;49037000;R$ 55.851,35
270883401;SOUZA FARMA COMERCIO  LTDA;NORMAL;INAPTO;AV DEP SILVIO TEIXEIRA, 870 ,LOJA 05 TERREO;JARDINS;ARACAJU;49025100;R$ 14.411,32
270886770;LUCIA BARRETO VASCONCELOS-ME;SIMPLES NACIONAL;ATIVO;R SAO FRANCISCO DE ASSIS, 128;SANTOS DUMONT;ARACAJU;49070370;R$ 99.033,38
270904409;SANFARMA COMERCIO DE MEDICAMENTOS LTDA;NORMAL;ATIVO;R RADIALISTA WOLNEY SILVA, 390 ,CJ MEDICI II;LUZIA;ARACAJU;49048320;R$ 32.076,10
270911766;AGRIVET COMERCIO LTDA ME;SIMPLES NACIONAL;ATIVO;R BELEM, 107 ,SALA;INDUSTRIAL;ARACAJU;49065160;R$ 17.106,72
270935886;FARMACIA PREFERIDA LTDA;NORMAL;ATIVO;R JOSE ARAUJO NETO, 328 ,LOJA A;SAO CONRADO;ARACAJU;49042250;R$ 88.487,34
270948996;IMPERIAL FARMACEUTICA LTDA;NORMAL;ATIVO;R D ABIGAIL FERREIRA ARAUJO RAMOS, 427;LUZIA;ARACAJU;49047440;R$ 204.246,22
270949151;DROGARIA E COMERCIO A & R LTDA ME;SIMPLES NACIONAL;ATIVO;AV FARM CEZARTINA REGIS, 28 ,LOJA A;JABOTIANA;ARACAJU;49095100;R$ 77.050,69
270958126;JARDINS DELICATESSEN LTDA;NORMAL;ATIVO;AV DEP SILVIO TEIXEIRA, 1020 ,LOJA  01;JARDINS;ARACAJU;49025100;R$ 10.931,76
270965424;SONIA DE SOUZA DANTAS  LTDA;NORMAL;ATIVO;R PADRE NESTOR SAMPAIO, 50;PONTO NOVO;ARACAJU;49045000;R$ 10.025,62
270975438;SIMONE V. A. RABELO & CIA. LTDA EPP;NORMAL;INAPTO;PCA CARVALHO NETO, 115;ATALAIA;ARACAJU;49035150;R$ 176.163,43
270979085;DROGARIAS FZB BARAO LTDA;NORMAL;ATIVO;AV BARAO DE MARUIM, 501;SAO JOSE;ARACAJU;49015000;R$ 76.241,98
270981578;FARMACIA EDSON LTDA  EPP;NORMAL;ATIVO;AV BARO DE MAROIM, 538;CENTRO;ARACAJU;49010340;R$ 218.677,11
270982450;BARTNECK & WEINFURTER FARMACIA DE MANIPULACAO LTDA  ME;SIMPLES NACIONAL;ATIVO;AV BARAO DE MARUIM, 752;CENTRO;ARACAJU;49010340;R$ 16.847,09
270982485;DROGARIA ANDRADE LTDA EPP;NORMAL;INAPTO;AV DOUTOR CARLOS FIRPO, 77;CENTRO;ARACAJU;49010250;R$ 59.083,48
270984917;FARM CIA CIRURGIA LTDA;NORMAL;ATIVO;R RIBEIROPOLIS, 1153 ,LOJA 03,TERREO SALA - LOJA;PEREIRA LOBO;ARACAJU;49050640;R$ 25.860,14
270988645;FARM CIA SOUZA LTDA;NORMAL;INAPTO;R LARANJEIRAS, 115;CENTRO;ARACAJU;49010000;R$ 69.385,02
270998110;EMPREENDIMENTOS PAGUE MENOS S A;NORMAL;ATIVO;AV HERMES FONTES, 318;SUICA;ARACAJU;49052000;R$ 315.205,71
271008059;EMPREENDIMENTOS PAGUE MENOS S A;NORMAL;ATIVO;R JOAO PESSOA, 225 ,231;CENTRO;ARACAJU;49010130;R$ 486.482,38
271009764;MIXFARMA COMERCIAL SERGIPE LTDA;NORMAL;ATIVO;R PAULO HENRIQUE MACHADO PIMENTEL, 37 ,GALPAON 01;INACIO BARBOSA;ARACAJU;49040740;R$ 1.730.160,70
271010320;EMPREENDIMENTOS PAGUE MENOS S A;NORMAL;ATIVO;AV FRANCISCO PORTO, 490;SALGADO FILHO;ARACAJU;49020120;R$ 390.470,96
271015322;EMPREENDIMENTOS PAGUE MENOS S A;NORMAL;ATIVO;R SANTA CATARINA, 410;SIQUEIRA CAMPOS;ARACAJU;49075520;R$ 801.353,50
271015896;EMPREENDIMENTOS PAGUE MENOS S A;NORMAL;ATIVO;R FRANKLIN DE CAMPOS SOBRAL, 2255;GRAGERU;ARACAJU;49027000;R$ 591.012,62
271018798;AQUARIUMAJU COMERCIO LTDA;NORMAL;ATIVO;AV ANTONIO FAGUNDES SANTANA, 242;TREZE DE JULHO;ARACAJU;49020070;R$ 25.181,97
271027819;DROGAF CIL FARM CIAS LTDA   ME;SIMPLES NACIONAL;ATIVO;R STA CATARINA, 416 ,LOJA B   FARMARCIA;SIQUEIRA CAMPOS;ARACAJU;49075520;R$ 19.663,06
271034017;REDE DE POSTOS PRESIDENTE LTDA;NORMAL;ATIVO;AV PRESIDENTE TANCREDO NEVES, 4930 ,ESQUINA CRUA D 270;AMERICA;ARACAJU;49080010;R$ 17.698,12
271052368;CENCOSUD BRASIL COMERCIAL S.A.;NORMAL;ATIVO;AV SILVIO TEIXEIRA, 831 ,FILIAL 46   SALA 02 SALA - 02;B.JARDINS;ARACAJU;49025100;R$ 394.928,22
271052392;CENCOSUD BRASIL COMERCIAL S.A.;NORMAL;ATIVO;AV DEPUTADO SILVIO TEIXEIRA, 831 ,FILIAL 06 SALA - 06;GRAGERU;ARACAJU;49025100;R$ 59.483,20
271052457;CENCOSUD BRASIL COMERCIAL S.A.;NORMAL;ATIVO;AV , FRANCISCO PORTO, 250 ,LOJA 20 SALA - 20;SALGADO FILHO;ARACAJU;49020120;R$ 65.987,26
271052562;CENCOSUD BRASIL COMERCIAL S.A.;NORMAL;ATIVO;AV OSVALDO ARANHA, 1240 ,FILIAL 44   SALA 02 SALA - LOJA;J. CONRADO ARAUJO;ARACAJU;49085410;R$ 169.716,73
271052600;CENCOSUD BRASIL COMERCIAL S.A.;NORMAL;ATIVO;AV OSVALDO ARANHA, 1240 ,LOJA 34 SALA - LOJA;J. C. DE ARAUJO;ARACAJU;49085410;R$ 10.823,76
271052627;CENCOSUD BRASIL COMERCIAL S.A.;NORMAL;ATIVO;AV FRANCISCO PORTO, 250 ,FILIAL 42   SALA 02 SALA - 42;SALGADO FILHO;ARACAJU;49020120;R$ 277.930,01
271052635;CENCOSUD BRASIL COMERCIAL S.A.;NORMAL;ATIVO;AV AUGUSTO FRANCO, 3280 ,FILIAL 40   SALA 02 SALA - 40;PONTO NOVO;ARACAJU;49047040;R$ 126.348,23
271052791;CENCOSUD BRASIL COMERCIAL S.A.;NORMAL;ATIVO;AV COELHO E CAMPOS, 215 ,FILIAL 48   SALA 02 SALA - 48;CENTRO;ARACAJU;49010720;R$ 80.671,26
271057610;CENCOSUD BRASIL COMERCIAL S.A.;NORMAL;ATIVO;AV HERACLITO ROLLEMBERG, 2676 ,FILIAL 49   SALA 02 SALA - LOJA;CJ. AUGUSTO FRANCO;ARACAJU;49030640;R$ 64.527,08
271058358;CENCOSUD BRASIL COMERCIAL S.A.;NORMAL;ATIVO;AV POCO DO MERO, 285 ,FILIAL 56   SALA 02 SALA - LOJA;CONJUNTO BUGIO;ARACAJU;49090000;R$ 44.497,75
271060166;CENCOSUD BRASIL COMERCIAL S.A.;NORMAL;ATIVO;ALM MURIBECA, 310 ,FILIAL 57   SALA 02 SALA - LOJA;SANTO ANTONIO;ARACAJU;49060460;R$ 42.498,85
271062657;EMPREENDIMENTOS PAGUE MENOS S A;NORMAL;ATIVO;R JONALDO BOMFIM, 668;SANTOS DUMONT;ARACAJU;49087350;R$ 252.973,09
271065222;CENCOSUD BRASIL COMERCIAL S.A.;NORMAL;ATIVO;R JOS DO PRADO FRANCO, 148 ,FILIAL 58   SALA 02 SALA - LOJA;CENTRO;ARACAJU;49010110;R$ 55.160,81
271065230;CENCOSUD BRASIL COMERCIAL S.A.;NORMAL;ATIVO;R MAJOR AURELIANO, 305 ,FILIAL 52  SALA 02;SANTOS DUMONT;ARACAJU;49087400;R$ 56.845,54
271066687;PETROX COMERCIAL LTDA;NORMAL;ATIVO;R URQUIZA LEAL, 118;SALGADO FILHO;ARACAJU;49020510;R$ 11.673,32
271071613;CENCOSUD BRASIL COMERCIAL S.A.;NORMAL;ATIVO;AV FRANCISCOJ. DA FONSECA, 1337 ,FILIAL 51   SALA 02 SALA - LOJA;CJ. ORLANDO DANTAS;ARACAJU;49042000;R$ 55.492,10
271071656;CENCOSUD BRASIL COMERCIAL S.A.;NORMAL;ATIVO;R GONALO PRADO ROLLEMBERG, 142 ,SALA 02 SALA - LOJA;SAO JOSE;ARACAJU;49010410;R$ 93.605,38
271072164;PETROX COMERCIAL LTDA;NORMAL;ATIVO;AV GOV. PAULO BARRETO DE MENEZES, 662;FAROLANDIA;ARACAJU;49032000;R$ 144.491,12
271082054;AMANDA SIQUEIRA DE LIMA DANTAS LTDA;NORMAL;ATIVO;"R LUIZ CHAGAS, 101 ,TERREO A;";ATALAIA;ARACAJU;49037430;R$ 196.529,89
271085010;CENUT   CENTRO ESPECIALIZADO DE NUTRI  O LTDA;NORMAL;ATIVO;"R TEN ARAGAO, 615 ,ANEXO CENUT;";FAROLANDIA;ARACAJU;49032060;R$ 307.628,40
271086424;COMERCIAL DE ALIMENTOS SANTA TEREZINHA LTDA;NORMAL;ATIVO;R N S DA GLORIA, 695;JAPAOZINHO;ARACAJU;49072510;R$ 22.032,53
271093773;DPA DISTRIBUIDORA DE PRODUTOS ALIMENTICIOS, COSMETICOS E PERFUMARIA LTDA;NORMAL;ATIVO;R AMAPA, 205 ,GALPAOA;SIQUEIRA CAMPOS;ARACAJU;49075050;R$ 7.119.061,48
271094338;ARAGAO MANIPULACOES  LTDA;SIMPLES NACIONAL;ATIVO;AV GONCALO PRADO ROLLEMBERG, 322 ,CASA;SAO JOSE;ARACAJU;49010410;R$ 38.266,44
271101636;DAP   PRODUTOS FARMACEUTICOS LTDA;NORMAL;INAPTO;AV FRANCISCO PORTO, 151 ,SALA A;JARDINS;ARACAJU;49025230;R$ 34.703,73
271101652;AGV FARMACIAS LTDA;SIMPLES NACIONAL;ATIVO;R URBANO NETO, 2395 ,LOJA A;COROA DO MEIO;ARACAJU;49035190;R$ 92.901,76
271103892;CENUTRI   CL NICA ESPECIALIZADA DE NUTRI  O LTDA;NORMAL;ATIVO;"R TEN ARAGAO, 615 ,ANEXO CENUTRI;";FAROLANDIA;ARACAJU;49032060;R$ 3.253.307,26
271105941;DROGARIA S.G. LTDA ME;SIMPLES NACIONAL;ATIVO;R URBANO NETO, 801 ,SALA 02 SALA - 2;COROA DO MEIO;ARACAJU;49035190;R$ 68.756,67
271108797;JOSE RICARDO OLIVEIRA TELES;NORMAL;ATIVO;R JOSE RAMOS SILVA, 336;13 DE JULHO;ARACAJU;49020200;R$ 32.037,16
271114711;PANIFICACAO E LANCHONETE J F LTDA;SIMPLES NACIONAL;ATIVO;R DOM JOS  TOMAZ, 408;S O JOS;ARACAJU;49015090;R$ 10.942,70
271114770;EMPREENDIMENTOS PAGUE MENOS S A;NORMAL;ATIVO;AV BARAO DE MAROIM, 552 ,BLOCO B;CENTRO;ARACAJU;49010340;R$ 361.239,28
271123940;CENCOSUD BRASIL COMERCIAL S.A.;NORMAL;ATIVO;AV MELICIO MACHADO, 1060 ,FILIAL 04;ATALAIA;ARACAJU;49037440;R$ 20.701,41
271123958;CENCOSUD BRASIL COMERCIAL S.A.;NORMAL;ATIVO;AV MELICIO MACHADO, 1060 ,FILIAL 70   SALA 02 SALA - 02;ATALAIA;ARACAJU;49037440;R$ 170.854,44
271128178;DROGARIA SILVA PIMENTEL LTDA EPP;NORMAL;INAPTO;R LUIZ CHAGAS, 10;ATALAIA;ARACAJU;49037430;R$ 69.511,78
271128194;PETROX COMERCIAL LTDA;NORMAL;ATIVO;AV MURILO DANTAS, 941;FAROL NDIA;ARACAJU;49032490;R$ 41.223,69
271131373;SBF COMERCIO DE PRODUTOS ESPORTIVOS S.A.;NORMAL;ATIVO;AV MINISTRO GERALDO BARRETO SOBRAL, 215 ,SHOPPING CENTER JARDINS SALA - E22;JARDINS;ARACAJU;49026900;R$ 44.943,36
271132230;ATIVA PRODUTOS MEDICOS HOSPITALARES LTDA;NORMAL;ATIVO;R LEONEL CURVELO, 868;PEREIRA LOBO;ARACAJU;49050480;R$ 304.009,58
271134500;NUTRIL COMERCIO E SERVICOS LTDA;NORMAL;ATIVO;R BAHIA, 1584;SIQUEIRA CAMPOS;ARACAJU;49075000;R$ 162.825,37
271148934;FARMACIA KAMILLA LTDA;SIMPLES NACIONAL;ATIVO;R NOVA PARAIBA, 486 ,TERREO , SALA ANEXA;AMERICA;ARACAJU;49080380;R$ 23.731,64
271155523;JUSCILENE ANDRADE DE SOUZA;SIMPLES NACIONAL;ATIVO;R L 4, 364 ,CJ AUGUSTO FRANCO LOJA 01 SALA - 01;FAROLANDIA;ARACAJU;49031000;R$ 251.293,79
271160357;ALPHA COMERCIAL DE COMBUSTIVEIS LTDA;NORMAL;ATIVO;AV ROTARY, 20;ATALAIA;ARACAJU;49037550;R$ 25.859,38
271165324;BOMPRECO BAHIA SUPERMERCADOS LTDA;NORMAL;ATIVO;AV DEP PEDRO VALADARES, 780;GRAGERU;ARACAJU;49025090;R$ 17.401,64
271166541;MARCIO ANDREY PEREIRA SOUZA   ME;SIMPLES NACIONAL;ATIVO;AV AV.AUGUSTO MAYNARD, 92;S O JOS;ARACAJU;49015380;R$ 27.919,76
271194570;PETROX COMERCIAL LTDA;NORMAL;ATIVO;AV GOV. PAULO BARRETO DE MENEZES, 770;TREZE DE JULHO;ARACAJU;49020010;R$ 34.602,04
271194987;WILLAMS BARBOZA DOS SANTOS;SIMPLES NACIONAL;ATIVO;R DOUTOR CARLOS HENRIQUE DE CARVALHO, 8;LUZIA;ARACAJU;49048120;R$ 52.225,45
271196556;ALPHA COMERCIAL DE COMBUSTIVEIS LTDA;NORMAL;ATIVO;AV PRESIDENTE TANCREDO NEVES, 3322 ,A;PONTO NOVO;ARACAJU;49097510;R$ 24.897,69
271212527;RAFAEL ARAUJO RABELO LTDA;NORMAL;ATIVO;R MANOEL GOMES DA ROCHA, 50;LUZIA;ARACAJU;49045480;R$ 214.964,12
271213795;FARMACIA GAMA LTDA ME;SIMPLES NACIONAL;ATIVO;AV MARANH O, 679;DEZOITO DO FORTE;ARACAJU;49072000;R$ 24.952,27
271213868;JEAN JORGE ARAUJO SANTOS-ME;SIMPLES NACIONAL;ATIVO;AV SAO JOAO BATISTA, 1150 ,CONJUNTO CASTELO BRANCO;PONTO NOVO;ARACAJU;49097000;R$ 98.755,92
271215267;CENCOSUD BRASIL COMERCIAL S.A.;NORMAL;ATIVO;AV JOSE THOMAZ D AVILA NABUCO, 945 ,FILIAL 14;FAROLANDIA;ARACAJU;49030270;R$ 17.920,21
271215275;CENCOSUD BRASIL COMERCIAL S.A.;NORMAL;ATIVO;AV JOSE THOMAZ D AVILA NABUCO, 945 ,FILIAL 73   SALA 02 SALA - 02;FAROLANDIA;ARACAJU;49030270;R$ 143.973,27
271219041;ATACADAO S.A.;NORMAL;ATIVO;AV CHANC OSVALDO ARANHA, 2445 ,BR 235;CAPUCHO;ARACAJU;49081050;R$ 40.572,95
271221160;CENCOSUD BRASIL COMERCIAL S.A.;NORMAL;ATIVO;AV ALEXANDRO ALCINO, 2155 ,FILIAL 79   SALA 02 SALA - 02;SANTA MARIA;ARACAJU;49044090;R$ 57.698,43
271221690;CENCOSUD BRASIL COMERCIAL S.A.;NORMAL;ATIVO;AV LUIZ LUA GONZAGA, 400 ,FILIAL 90;COROA DO MEIO;ARACAJU;49035500;R$ 73.602,47
271221704;CENCOSUD BRASIL COMERCIAL S.A.;NORMAL;ATIVO;AV LUIZ LUA GONZAGA, 400 ,FILIAL 95   SALA 02;COROA DO MEIO;ARACAJU;49035500;R$ 191.774,59
271227125;JUHANA MOREIRA ROCHA;SIMPLES NACIONAL;ATIVO;AV DR.JOSE THOMAS DAVILA NABUCO, 272;FAROLANDIA;ARACAJU;49030270;R$ 13.278,25
271229144;DROGARIA A SAUDE DO POVO  LTDA  ME;NORMAL;INAPTO;R DOS NAUFRAGOS ,ESQ AV J D MAIALOJA;MOSQUEIRO;ARACAJU;49039000;R$ 23.502,28
271231106;DISTRIBUIDORA RIOS LTDA;NORMAL;ATIVO;"R ELIZETE ARAGAO CABRAL, 17 ,LOTE 03 B;";INACIO BARBOSA;ARACAJU;49041149;R$ 1.664.963,66
271239247;WAM & MPS COM RCIO DE PRODUTOS NATURAIS LTDA;SIMPLES NACIONAL;ATIVO;R GOIAS, 736 ,A;SIQUEIRA CAMPOS;ARACAJU;49075280;R$ 44.708,59
271240504;DROGARIA FARMA VIDA LIMITADA- ME;NORMAL;ATIVO;R JOAO DIAS DE MORAIS, 1 ,RESIDENCIAL HORTO DO CARVALHO SALA - 01;ARUANA;ARACAJU;49039281;R$ 192.387,92
271244747;EMPORIO BRUMAR PRODUTOS NATURAIS LTDA;NORMAL;INAPTO;PCA DA IMPRENSA, 5 ,SALA - 06;TREZE DE JULHO;ARACAJU;49020500;R$ 2.398.965,97
271254556;PANDORO COMERCIO E INDUSTRIA DE ALIMENTOS LTDA;NORMAL;ATIVO;R DEPUTADO EUCLIDES PAES MENDONCA, 105;TREZE DE JULHO;ARACAJU;49020000;R$ 10.471,85
271256265;DROGARIAS FZB GRAGERU LTDA;NORMAL;ATIVO;AV HERMES FONTES, 1707 ,EDF. ALEXANDRE VEIGA, LOJAS 01 E 02 SALA - 01;GRAGERU;ARACAJU;49026020;R$ 260.431,94
271260106;VIDA FARMA COM. VAREJ DE PROD. FARMACEUT. LTDA ME;SIMPLES NACIONAL;ATIVO;PCA MAJ EDELTRUDES TELES, 24 ,SALA - 01;FAROLANDIA;ARACAJU;49030510;R$ 22.555,79
271260114;ENERGY FARMA COM.VAREJ DE PROD.FARMACT. LTDA ME;SIMPLES NACIONAL;ATIVO;AV MARIETA LEITE, 83 ,CONJUNTO SENADOR LEITE NETO;GRAGERU;ARACAJU;49027190;R$ 47.018,29
271260211;SBF COMERCIO DE PRODUTOS ESPORTIVOS S.A.;NORMAL;ATIVO;R DELMIRO GOUVEIA, 400 ,LOJA 166 SALA - 166;COROA DO MEIO;ARACAJU;49035900;R$ 25.871,06
271265477;LUIZ CARLOS DANTAS DOS SANTOS LTDA;NORMAL;ATIVO;R JOSE CARLOS BARBOSA DE FARO, 49;JABOTIANA;ARACAJU;49095450;R$ 15.292,48
271265590;RVB PRODUTOS FARMACEUTICOS LTDA ME;SIMPLES NACIONAL;ATIVO;R ITABAIANINHA, 137 ,EDF. ALIANCA SALA - 04;CENTRO;ARACAJU;49010190;R$ 17.070,13
271266953;NATUCENTER LOJA DE CONVENI NCIA E SERVI OS  LTDA;SIMPLES NACIONAL;ATIVO;R MATO GROSSO, 428 ,CASA  01;SIQUEIRA CAMPOS;ARACAJU;49075380;R$ 146.145,63
271272309;DLX PRODUTOS FARMACEUTICOS LTDA;SIMPLES NACIONAL;ATIVO;AV AUGUSTO FRANCO, 3277;PONTO NOVO;ARACAJU;49047040;R$ 16.872,58
271288752;DAP   PRODUTOS FARMACEUTICOS LTDA;NORMAL;ATIVO;R RIO GRANDE DO SUL, 170 ,LOJA 01;SIQUEIRACAMPOS;ARACAJU;49075510;R$ 53.060,85
271313994;FARMICUS COMERCIO DE MEDICAMENTOS LTDA;NORMAL;ATIVO;R JOAO BATISTA MACHADO, 155 ,LOJA 1;SAO CONRADO;ARACAJU;49042210;R$ 18.799,52
271321253;DELICATESSEN SANTA CEC LIA LTDA;NORMAL;INAPTO;AV JOSINO JOS  DE ALMEIDA, 804 ,CJ AUGUSTO FRANCO;FAROL NDIA;ARACAJU;49030000;R$ 12.939,17
271324961;DPC DISTRIBUIDOR ATACADISTA S/A;NORMAL;ATIVO;R JOSE DEODATO SOARES, 312 ,LOTE 02 QUADRA 02;PONTO NOVO;ARACAJU;49097340;R$ 10.616,72
271331895;GF CONSTRUCOES E LOCACOES LTDA;PRESTADOR DE SERVICO;ATIVO;"AV JORGE AMADO, 1565 ,SALA 04 E 06;";JARDINS;ARACAJU;49025330;R$ 10.191,50
271356553;EMPREENDIMENTOS PAGUE MENOS S A;NORMAL;ATIVO;R LARANJEIRAS, 238;CENTRO;ARACAJU;49010000;R$ 522.296,26
271357274;CENCOSUD BRASIL ATACADO LTDA.;NORMAL;ATIVO;AV PRESIDENTE TANCREDO NEVES, ESQ. COM A RUA JOAO OURO E RUA 04, 3703 ,ESQUINA COM A RUA JO O OURO E RUA 04;JABOTIANA;ARACAJU;49095000;R$ 12.667,46
271359366;ECO BEACH SURF SHOP LTDA;SIMPLES NACIONAL;ATIVO;R GERU, 160 ,TERREO;CENTRO;ARACAJU;49010460;R$ 19.438,85
271359994;REDE DE POSTOS PRESIDENTE LTDA;NORMAL;ATIVO;AV FRANCISCO PORTO, 1086;SALGADO FILHO;ARACAJU;49020570;R$ 23.379,73
271362430;ESTRELA D ALVA PRODUTOS NATURAIS LTDA;SIMPLES NACIONAL;ATIVO;R NEOPOLIS, 308 ,SALA - A;SIQUEIRA CAMPOS;ARACAJU;49075400;R$ 233.347,91
271366117;MEDMIX COMERCIO E SERVICOS DE MATERIAIS E EQUIPAMENTOS HOSPITALAR LTDA;SIMPLES NACIONAL;ATIVO;AV HERMES FONTES, 398;SUISSA;ARACAJU;49045760;R$ 11.100,12
271368489;PETROX COMERCIAL LTDA;NORMAL;ATIVO;RDV DOS NAUFRAGOS, 4700;ZONA DE EXPANSAO (MOSQUEIRO);ARACAJU;49008093;R$ 41.611,06
271370165;FM COM. VAREJ. DE PROD. FARMACEUTICOS ALOPATICOS LTDA;NORMAL;INAPTO;AV PAULO FIGUEIREDO BARRETO, 382;SOLEDADE;ARACAJU;49088010;R$ 32.321,80
271379260;LS PRODUTOS FARMACEUTICOS LTDA   ME;NORMAL;INAPTO;AV FRANCISCO JOSE DA FONSECA, 543;SAO CONRADO;ARACAJU;49042000;R$ 16.727,33
271382120;ALPHA COMERCIAL DE COMBUSTIVEIS LTDA;NORMAL;ATIVO;AV MARIO JORGE MENEZES VIEIRA, 59 ,POSTO DE GASOLINA;COROA DO MEIO;ARACAJU;49035100;R$ 31.028,37
271388480;CLINICA POPULAR RECANTO ANIMAL LTDA;SIMPLES NACIONAL;ATIVO;R JAPARATUBA, 259 ,SALA 02;SANTO ANTONIO;ARACAJU;49060300;R$ 36.741,19
271390123;EDIVALDO ALVES DA COSTA;NORMAL;INAPTO;AV ROTARY, 74 ,A SALA - 01;ATALAIA;ARACAJU;49037550;R$ 63.430,81
271390506;G & M EMPREENDIMENTOS FARMACEUTICOS LTDA;NORMAL;INAPTO;AV RIO GRANDE DO SUL, 1240 ,SALA 01 SALA - 01;NOVO PARAISO;ARACAJU;49082000;R$ 48.790,76
271392282;VANDERSON CARMELITO ROCHA LTDA;NORMAL;INAPTO;R MARIA VASCONCELOS DE ANDRADE, 506 ,LOTE 116 QD 05 LOT RES AR;ARUANA;ARACAJU;49033031;R$ 11.309,59
271392355;ATIVA SERVICOS E COMERCIO DE PRODUTOS FARMACEUTICOS  LTDA  ME;SIMPLES NACIONAL;ATIVO;AV PROFESSOR ACRISIO CRUZ, 144;SALGADO FILHO;ARACAJU;49020210;R$ 142.180,06
271393483;RABELO E CIA LTDA;NORMAL;INAPTO;AV DOS NAUFRAGOS, 4700 ,LOJA 02 SALA - 02;ZONA DE EXPANSAO;ARACAJU;49035000;R$ 266.033,25
271394447;REMOLIX REMOVEDORA DE LIXO  LTDA;SIMPLES NACIONAL;ATIVO;R ACRE, 2028;BAIRRO AMERICA;ARACAJU;49080010;R$ 91.230,90
271399023;LRX PRODUTOS FARMACEUTICOS LTDA;SIMPLES NACIONAL;ATIVO;AV FRANCISCO JOSE DA FONSECA, 1382 ,CONJUNTO ORLANDO DANTAS SALA - A;SAO CONRADO;ARACAJU;49042000;R$ 10.752,29
271403896;FARMACIA DO TRABALHADOR UNIVERSAL LTDA ME;NORMAL;INAPTO;R MARIA VASCONCELOS DE ANDRADE, 1269 ,PAVIMETO TERREO SALA - 1;ZONA DE EXPANSAO;ARACAJU;49042000;R$ 35.285,69
271404353;ALPHA COMERCIAL DE COMBUSTIVEIS LTDA;NORMAL;ATIVO;AV FRANCISCO PORTO, 650 ,LOJA BR MANIA DELICATESSEN;SALGADO FILHO;ARACAJU;49020120;R$ 18.005,49
271408774;G & M EMPREENDIMENTOS FARMACEUTICOS LTDA;NORMAL;INAPTO;AV SAO JOAO BATISTA, 11;PONTO NOVO;ARACAJU;49097000;R$ 23.484,88
271410914;CENCOSUD BRASIL COMERCIAL S.A.;NORMAL;ATIVO;AV PRESID TANCREDO NEVES, ESQUINA COM A RUA JOAO OURO E RUA 04, 3703 ,SALA  02 SALA - 02;JABOTIANA;ARACAJU;49095000;R$ 56.182,45
271414537;LIFECENTER SUPLEMENTOS E MINIMERCADOS LTDA;NORMAL;ATIVO;R ESTANCIA, 646 ,LOJA A;CENTRO;ARACAJU;49010180;R$ 1.052.347,64
271416068;JP PRODUTOS FARMACEUTICOS LTDA ME;SIMPLES NACIONAL;ATIVO;AV CARLOS MARQUES DE OLIVEIRA, 323;SOLEDADE;ARACAJU;49089005;R$ 17.280,33
271416777;FARMACIA LUXAN LTDA ME;SIMPLES NACIONAL;ATIVO;R MARIA NAZARETH BARROS SANTOS, 90 ,SALA - A;FAROLANDIA;ARACAJU;49030830;R$ 12.734,00
271416831;TAVARES EMPREENDIMENTOS FARMACEUTICOS LTDA;SIMPLES NACIONAL;ATIVO;AV AUXILIAR I  CONJ. PE. PEDRO, 298 ,TERREO;SANTA MARIA;ARACAJU;49044140;R$ 30.993,51
271419520;FARMCIA DO TRABALHADOR DE SERGIPE LTDA;SIMPLES NACIONAL;ATIVO;R PERMINIO DE SOUZA, 122;CIRURGIA;ARACAJU;49055530;R$ 19.101,07
271419555;EMPREENDIMENTOS PAGUE MENOS S A;NORMAL;ATIVO;AV PRESIDENTE TANCREDO NEVES, 3392;;ARACAJU;49025620;R$ 406.057,11
271421231;LL PRODUTOS FARMACEUTICOS LTDA ME;SIMPLES NACIONAL;ATIVO;AV MARANHAO, 280;DEZOITO DO FORTE;ARACAJU;49072000;R$ 55.077,86
271422661;A & M FARMACIA DO TRABALHADOR DO BUGIO LTDA ME;SIMPLES NACIONAL;ATIVO;AV POCO DO MERO, 548 ,SALA - B;BUGIO;ARACAJU;49090000;R$ 52.751,63
271423706;DISTRIBUIDORA BEM ALIMENTOS LTDA;NORMAL;ATIVO;R SIRIRI, 35 ,GALPAOA;CENTRO;ARACAJU;49010450;R$ 65.315,94
271432659;R. S. SERVICOS LTDA;SIMPLES NACIONAL;ATIVO;R DOUTOR EDESIO VIEIRA DE MELO, 1038;SUISSA;ARACAJU;49050240;R$ 48.599,53
271450185;AGM COMERCIAL LTDA ME;SIMPLES NACIONAL;ATIVO;AV POCO DE MERO, 176 ,SALA - C;BUGIO;ARACAJU;49090000;R$ 18.969,18
271450827;PRISCILA SOUSA MASCARENHAS   ME;NORMAL;ATIVO;R ANTONIO DOS SANTOS, 265 ,LOJA A;PORTO D ANTAS;ARACAJU;49067020;R$ 16.200,13
271451670;AC PRODUTOS FARMACEUTICOS LTDA ME;SIMPLES NACIONAL;ATIVO;AV SANTA GLEIDE, 996;OLARIA;ARACAJU;49090270;R$ 23.848,03
271452471;EMPREENDIMENTOS PAGUE MENOS S A;NORMAL;INAPTO;AV PEDRO PAES DE AZEVEDO, 382;GRAGERU;ARACAJU;49020450;R$ 344.286,76
271452579;LINS ARAUJO EMAGRECIMENTO SAUDE E ESTETICA LTDA;SIMPLES NACIONAL;ATIVO;AV BARAO DE MARUIM, 639;SAO JOSE;ARACAJU;49015000;R$ 26.422,40
271455276;JSC PRODUTOS FARMACEUTICOS LTDA;SIMPLES NACIONAL;ATIVO;AV RIO GRANDE DO SUL, 1087;NOVO PARAISO;ARACAJU;49082000;R$ 78.061,12
271456949;REDE DE POSTOS PRESIDENTE LTDA;NORMAL;ATIVO;TR J DIST INDUSTRIAL, 4818;INACIO BARBOSA;ARACAJU;49041166;R$ 19.307,58
271457074;JMS COMERCIO DE FRUTAS, VERDURAS E CEREAIS LTDA;NORMAL;ATIVO;AV ANTONIO CABRAL, 824;INDUSTRIAL;ARACAJU;49065090;R$ 10.254,57
271459123;RABELO E CIA LTDA;NORMAL;ATIVO;R SANTA CATARINA, 382;SIQUEIRA CAMPOS;ARACAJU;49075520;R$ 166.282,51
271460547;RAIA DROGASIL S A;NORMAL;ATIVO;R CEDRO, 9 ,21;SAO JOSE;ARACAJU;49015150;R$ 369.941,16
271461691;KLEVERTON DE ANDRADE SANTOS ME;SIMPLES NACIONAL;ATIVO;AV JOAO RIBEIRO, 1358 ,PAVMTO TERREO;INDUSTRIAL;ARACAJU;49065000;R$ 79.587,60
271462035;VIVAZ PRODUTOS SAUDAVEIS LTDA;SIMPLES NACIONAL;ATIVO;"R HELVECIO MAIA, 393 ,01; SALA - 1";GRAGERU;ARACAJU;49025290;R$ 646.182,22
271462140;FARMACIA EDILMA LTDA   EPP;NORMAL;INAPTO;R JOSE DO PRADO FRANCO, 530;CENTRO;ARACAJU;49010110;R$ 52.331,97
271462647;RAIA DROGASIL S A;NORMAL;INAPTO;AV JORGE AMADO, 426;JARDINS;ARACAJU;49025330;R$ 835.010,85
271466138;KADU EMPORIO NATURAL LTDA;NORMAL;ATIVO;R D ABIGAIL FERREIRA ARAUJO RAMOS, 439 ,LOJA 01 SALA - 1;LUZIA;ARACAJU;49047440;R$ 758.110,54
271466294;EMPREENDIMENTOS PAGUE MENOS S A;NORMAL;ATIVO;AV ANTONIO ALVES, 674;ATALAIA;ARACAJU;49037050;R$ 311.190,40
271468858;SERVNUTRI COMERCIO DE PRODUTOS NUTRICIONAIS LTDA;NORMAL;ATIVO;R ENGENHEIRO MARCONDES FERRAZ, 222 ,GALPAO;JARDINS;ARACAJU;49026215;R$ 249.417,99
271470135;ADELIA BARBOSA DE SOUZA-04550970545;SIMPLES NACIONAL;INAPTO;AV JORGE AMADO, 1589;JARDINS;ARACAJU;49025330;R$ 11.745,14
271470488;COMPANHIA BRASILEIRA DE DISTRIBUICAO;NORMAL;ATIVO;R JOSE SEABRA BATISTA ,PARTE I;JARDINS;ARACAJU;49025750;R$ 59.849,96
271473835;FARMACIA DO TRABALHADOR  LM LTDA;NORMAL;ATIVO;R RUA SAO FRANCISCO ASSIS, 438;SANTO DUMONT;ARACAJU;49087000;R$ 27.293,99
271473908;MARIA SILVANETE DE CARVALHO BEZERRA  LTDA  EPP;NORMAL;INAPTO;R PADRE NESTOR SAMPAIO, 598 ,SALA - B;PONTO NOVO;ARACAJU;49045000;R$ 764.744,40
271474670;DROGARIA W.J LTDA  ME;SIMPLES NACIONAL;ATIVO;R BAHIA, 841;SIQUEIRA CAMPOS;ARACAJU;49075110;R$ 33.482,61
271476176;REI DO PET DISTRIBUICAO LTDA;NORMAL;INAPTO;R FARM MARCOS FERREIRA DE JESUS, 90;INDUSTRIAL;ARACAJU;49065370;R$ 12.410,12
271478209;RAIA DROGASIL S A;NORMAL;INAPTO;AV HERMES FONTES, 468 ,SALA - 01;SUICA;ARACAJU;49052000;R$ 349.788,72
271481366;RAIA DROGASIL S A;NORMAL;INAPTO;AV FRANCISCO PORTO, 177;GRAGERU;ARACAJU;49025230;R$ 490.924,23
271483113;R R PRODUTOS FARMACEUTICOS LTDA;SIMPLES NACIONAL;ATIVO;R PADRE NESTOR SAMPAIO, 802 ,SALA - 08;PONTO NOVO;ARACAJU;49045000;R$ 60.054,03
271483865;FARMACIA GONCALVES & SOMARRIBA LTDA ME;SIMPLES NACIONAL;ATIVO;R PROFESSOR HENRIQUE SOUZA, 5 ,05 SALA - SALA;JABOTIANA;ARACAJU;49095350;R$ 13.068,35
271485353;FORMULA EXATA COMERCIO VAREJISTA DE PRODUTOS FARMACEUTICOS LTDA;NORMAL;INAPTO;TR JOAO FRANCISCO DA SILVEIRA, 66;CENTRO;ARACAJU;49010360;R$ 127.695,64
271486236;VITRINE NATURAL COMERCIO DE ALIMENTOS LTDA-ME;NORMAL;INAPTO;AV DESEMBARGADOR JOAO BOSCO DE A. LIMA, 411;ATALAIA;ARACAJU;49037130;R$ 53.249,43
271491426;NUTRI LIFE COMERCIO E SERVICOS LTDA;SIMPLES NACIONAL;ATIVO;AV PEDRO CALAZANS, 978 ,SALA 01 GALERIA VILLAS BO SALA - 4;CIRURGIA;ARACAJU;49055520;R$ 38.920,63
271493330;RAIA DROGASIL S A;NORMAL;ATIVO;AV ADELIA FRANCO, 2234 ,SALA - 01;LUZIA;ARACAJU;49048010;R$ 629.834,62
271493445;ERICA SANTOS PRODUTOS FARMACUTICOS LTDA  ME;SIMPLES NACIONAL;ATIVO;R BAHIA, 700 ,LOJA A;SIQUEIRA CAMPOS;ARACAJU;49075000;R$ 25.759,43
271494158;REFRESCOS GUARARAPES LTDA;NORMAL;ATIVO;R MANOEL DE OLIVEIRA MARTINS, 360;INACIO BARBOSA;ARACAJU;49040830;R$ 188.436,79
271495022;FARMACIA R J LTDA;NORMAL;ATIVO;AV POCO DE MERO, 144 ,144 A;BUGIO;ARACAJU;49090000;R$ 99.524,69
271496045;ECOCIICLO COMERCIO LTDA;NORMAL;ATIVO;R LEOPOLDO MESQUITA, 103;GRAGERU;ARACAJU;49025380;R$ 85.678,88
271497505;AD PRODUTOS FARMACEUTICOS LTDA ME;NORMAL;INAPTO;R EDITE LOPES DE MENEZES, 6 ,CONJ ORLANDO DANTAS SALA - 01;SAO CONRADO;ARACAJU;49042130;R$ 17.824,71
271498137;EMPREENDIMENTOS PAGUE MENOS S A;NORMAL;ATIVO;AV HERMES FONTES, 1568 ,SALA - 18;LUIZA;ARACAJU;49045760;R$ 377.106,95
271498242;F.R. COMERCIAL DE PRODUTOS FARMACEUTICOS LTDA;NORMAL;INAPTO;R PERMINIO DE SOUZA, 249 ,SALA 03 SALA - 03;CIRURGIA;ARACAJU;49055530;R$ 35.442,53
271502070;MERCATO VERDE PRODUTOS NATURAIS  LTDA;SIMPLES NACIONAL;ATIVO;R JACINTO UCHOA DE MENDONCA, 129 ,LOJA;GRAGERU;ARACAJU;49026160;R$ 46.226,69
271502223;FERNANDO ARAUJO BARRETO E CIA LTDA;NORMAL;ATIVO;AV DOUTOR JOSE THOMAS D AVILA NABUCO, 703;FAROLANDIA;ARACAJU;49030270;R$ 173.564,66
271505320;PETROX COMERCIAL LTDA;NORMAL;ATIVO;AV PRESIDENTE TANCREDO NEVES, 4501 ,ESQ ESTR JABOTIANA;JABOTIANA;ARACAJU;49095000;R$ 16.661,46
271509988;RAIA DROGASIL S A;NORMAL;INAPTO;PCA DOS NAVEGANTES, 181;FAROLANDIA;ARACAJU;49032110;R$ 661.958,23
271512822;PROFARMA DISTRIBUIDORA DE PRODUTOS FARMACEUTICOS SA;NORMAL;ATIVO;AV ETELVINO ALVES DE LIMA, 1294 ,GALPAO02 CD CIDADE COMERCIAL;INACIO BARBOSA;ARACAJU;49040696;R$ 2.440.974,02
271512989;SANTANA EMPREENDIMENTOS FARMAC UTICOS LTDA;NORMAL;ATIVO;"R CONSTANTINO GOMES, 1391 ,LOJA  02; SALA - 02";ATALAIA;ARACAJU;49036080;R$ 37.071,26
271513039;RAIA DROGASIL S A;NORMAL;INAPTO;AV DELMIRO GOUVEIA, 400 ,LOJA 116 E 117 PISO L1;COROA DO MEIO;ARACAJU;49035500;R$ 503.171,23
271513560;EMPREENDIMENTOS PAGUE MENOS S A;NORMAL;ATIVO;R CAMPO DO BRITO, 1415 ,ESQUINA COM AVENIDA HERMES FONTES;SALGADO FILHO;ARACAJU;49020590;R$ 854.676,01
271513640;RAIA DROGASIL S A;NORMAL;INAPTO;AV MINISTRO GERALDO BARRETO SOBRAL, 215 ,LOJA E SALA - 05;JARDINS;ARACAJU;49026010;R$ 498.452,85
271513772;LENILSON LIMA MOTA SUPERMERCADO LTDA;NORMAL;ATIVO;R CASTRO ALVES, 618;PONTO NOVO;ARACAJU;49047090;R$ 312.406,25
271515643;FARMACIA MAISMED LTDA ME;SIMPLES NACIONAL;ATIVO;R NOVA PARAIBA, 422 ,ARMZ ARMAZEM;AMERICA;ARACAJU;49080380;R$ 39.576,96
271519460;GILBERTO DA SILVA FONSECA ME;SIMPLES NACIONAL;ATIVO;AV VISCONDE DE MARACAJU, 166;DOM LUCIANO;ARACAJU;49071055;R$ 14.023,88
271520817;SENDAS DISTRIBUIDORA S A;NORMAL;ATIVO;R SIMEAO AGUIAR, 430 ,AREA 01;JOSE CONRADO DE ARAUJO;ARACAJU;49085100;R$ 59.688,75
271522100;LIFECENTER SUPLEMENTOS E MINIMERCADOS LTDA;NORMAL;ATIVO;R PADRE NESTOR SAMPAIO, 749 ,SALA - B;LUZIA;ARACAJU;49045015;R$ 719.568,23
271522879;JOSE JORGE SILVA SANTOS ME;SIMPLES NACIONAL;INAPTO;R DIVINA PASTORA, 694;CENTRO;ARACAJU;49010600;R$ 167.681,97
271523107;EMPREENDIMENTOS PAGUE MENOS S A;NORMAL;ATIVO;TR DOUTOR HELIO RIBEIRO, 98 ,NA APULCRO MOTA 440;CENTRO;ARACAJU;49010540;R$ 516.963,33
271523654;EMPREENDIMENTOS PAGUE MENOS S A;NORMAL;ATIVO;AV GONCALO ROLEMBERG LEITE, 2178 ,LOJA 1;PEREIRA LOBO;ARACAJU;49052225;R$ 365.179,71
271524200;RAIA DROGASIL S A;NORMAL;INAPTO;AV ANTONIO ALVES, 696;ATALAIA;ARACAJU;49037050;R$ 597.992,30
271527331;LIFECENTER SUPLEMENTOS E MINIMERCADOS LTDA;NORMAL;ATIVO;AV ADELIA FRANCO, 3116;LUZIA;ARACAJU;49048010;R$ 4.989.418,60
271530120;RAIO DE CURA PRODUTOS NATURAIS LTDA ME;SIMPLES NACIONAL;ATIVO;R SAO CRISTOVAO, 473;CENTRO;ARACAJU;49010380;R$ 151.494,59
271530472;EMPREENDIMENTOS PAGUE MENOS S A;NORMAL;ATIVO;AV PAULO VI, 58;INACIO BARBOSA;ARACAJU;49040460;R$ 385.957,94
271534290;MOREIRA & ARAUJO COMERCIAL LTDA - ME;SIMPLES NACIONAL;ATIVO;AV DOUTOR CARLOS FIRPO, 234;CENTRO;ARACAJU;49010250;R$ 43.164,96
271535415;26.076.009 ARTHUR MARCELL DE OLIVEIRA SILVA;SIMEI;ATIVO;TR QUATRO (CJ STA LUCIA), 2 ,CASA;JABOTIANA;ARACAJU;49096190;R$ 60.009,79
271536527;FARMACIA PROPHETA LTDA   ME;SIMPLES NACIONAL;ATIVO;R ACRE, 1605;SIQUEIRA CAMPOS;ARACAJU;49075010;R$ 26.692,60
271537205;EMPREENDIMENTOS PAGUE MENOS S A;NORMAL;ATIVO;AV JORGE AMADO, 1054;JARDINS;ARACAJU;49025330;R$ 427.986,55
271538473;R N R COMERCIO VAREJISTA DE UTILIDADES DOMESTICAS LTDA   ME;SIMPLES NACIONAL;ATIVO;AV FARM CEZARTINA REGIS, 216 ,LOJA 01;JABOTIANA;ARACAJU;49095100;R$ 43.011,07
271539500;NEVES PRODUTOS FARMACEUTICOS LTDA;SIMPLES NACIONAL;ATIVO;R GOI S, 837;SIQUEIRA CAMPOS;ARACAJU;49075280;R$ 22.628,58
271539810;SC DISTRIBUICAO LTDA;NORMAL;ATIVO;R ETELVINO ALVES DE LIMA, 1294 ,LOJA 04 CD CIDADE COMERCI;INACIO BARBOSA;ARACAJU;49040690;R$ 4.805.369,50
271539828;DISTRIBUIDORA DE MEDICAMENTOS SANTA CRUZ LTDA;NORMAL;ATIVO;"R ETELVINO ALVES DE LIMA, 1294 ,LOJA 03 CD CIDADE COMERCI;";INACIO BARBOSA;ARACAJU;49040690;R$ 3.123.061,58
271540486;MERCADITO FIT PRODUTOS NATURAIS LTDA;SIMPLES NACIONAL;ATIVO;"AV HERMES FONTES, 999 ,SALA 01; SALA - 02";SALGADO FILHO;ARACAJU;49020550;R$ 541.837,60
271542900;REDE DE POSTOS PRESIDENTE LTDA;NORMAL;ATIVO;AV VEREADOR MANOEL DORIA DA SILVA, 400, 400 ,LOTE 02;FAROLANDIA;ARACAJU;49031260;R$ 15.779,90
271544619;MARIA DA GRACA MENEZES DE ANDRADE;NORMAL;ATIVO;R LENIO DE MOURA MORAIS, 110 ,SALA - A;FAROLANDIA;ARACAJU;49031040;R$ 40.488,13
271545500;PROMEDH   DISTRIBUIDORA DE PRODUTOS FARMACEUTICOS, MEDICOS E HOSPITALARES LTDA;NORMAL;ATIVO;R AMAPA, 205 ,GALPAOB;SIQUEIRA CAMPOS;ARACAJU;49075050;R$ 35.213,28
271549777;CENUTRI COMERCIO E SERVICOS  LTDA  EPP;SIMPLES NACIONAL;ATIVO;R FRANCISCO PORTUGAL, 202 ,LOJA 04;SALGADO FILHO;ARACAJU;49020390;R$ 126.515,33
271557745;RAIA DROGASIL S A;NORMAL;ATIVO;AV EMPRESARIO JOSE CARLOS SILVA, 4827;SAO CONRADO;ARACAJU;49042190;R$ 371.221,08
271557753;RAIA DROGASIL S A;NORMAL;ATIVO;AV IVO DO PRADO, 1228;SAO JOSE;ARACAJU;49025040;R$ 338.300,07
271557761;RAIA DROGASIL S A;NORMAL;ATIVO;R JOAO PESSOA, 182;CENTRO;ARACAJU;49010130;R$ 361.675,47
271558547;NAZARIA DISTRIBUIDORA DE PRODUTOS FARMACEUTICOS LTDA;NORMAL;ATIVO;R DOIS, 3143 ,GALPAO 3 SALA - B;JABOTIANA;ARACAJU;49095000;R$ 3.640.866,10
271559608;EMPREENDIMENTOS PAGUE MENOS S A;NORMAL;ATIVO;AV MINISTRO GERALDO BARRETO SOBRAL, 215 ,SHOPP JARDINS SALA - 58B;JARDINS;ARACAJU;49026900;R$ 598.432,37
271559780;EMPREENDIMENTOS PAGUE MENOS S A;NORMAL;ATIVO;AV MARIO JORGE MENEZES VIEIRA, 1735;COROA DO MEIO;ARACAJU;49035100;R$ 417.981,64
271564989;JF EMPREENDIMENTOS FARMACEUTICOS LTDA;SIMPLES NACIONAL;ATIVO;R SAO FRANCISCO DE ASSIS, 1197 ,LOJA B;SANTOS DUMONT;ARACAJU;49087000;R$ 89.174,41
271567430;RAIA DROGASIL S A;NORMAL;INAPTO;AV GONCALO ROLEMBERG LEITE, 1813;LUZIA;ARACAJU;49045280;R$ 543.766,07
271576790;EMPREENDIMENTOS PAGUE MENOS S A;NORMAL;ATIVO;AV MELICIO MACHADO, 616 ,GALPAO 1;AEROPORTO;ARACAJU;49038443;R$ 484.607,79
271577029;FLORA PRODUTOS NATURAL LTDA;SIMPLES NACIONAL;ATIVO;AV BARAO DE MARUIM, 732;CENTRO;ARACAJU;49010340;R$ 330.366,11
271577061;EMANUELA CHAVES BATISTA ME;NORMAL;INAPTO;R JOAO BATISTA MACHADO, 45;SAO CONRADO;ARACAJU;49042210;R$ 85.155,75
271577347;EMPREENDIMENTOS PAGUE MENOS S A;NORMAL;ATIVO;AV MINISTRO GERALDO BARRETO SOBRAL, 1608;JARDINS;ARACAJU;49026010;R$ 421.329,73
271577363;EMPREENDIMENTOS PAGUE MENOS S A;NORMAL;ATIVO;R DELMIRO GOUVEIA, 400 ,LOJA 328329;COROA DO MEIO;ARACAJU;49035900;R$ 468.209,70
271577622;FARMA MAIS LTDA;SIMPLES NACIONAL;ATIVO;"AV VISC MARACAJU, 848 ,LOJA   QD 01; LOTE 02 LOT VISC MARACAJU; SALA - 01";CIDADE NOVA;ARACAJU;49070100;R$ 131.199,99
271577916;BRS FARMACIAS LTDA - ME;NORMAL;ATIVO;R ANTONIO DORIA DA SILVA, 488 ,SALA - 03;JABOTIANA;ARACAJU;49095050;R$ 233.314,64
271578475;MECTECH ENGENHARIA LTDA;PRESTADOR DE SERVICO;ATIVO;AV HERMES FONTES, 2064 ,LOJA  17                  ANDAR 2 SALA - 17;LUZIA;ARACAJU;49045760;R$ 29.088,00
271580674;FARMACIA DO TRABALHADOR POPULAR LTDA;NORMAL;INAPTO;RDV DOS NAUFRAGOS, 7261 ,MOSQUEIRO GALPAO B;ZONA DE EXPANSAO;ARACAJU;49008090;R$ 23.611,28
271581530;CHIP SETE SOLUCOES EM INFORMATICA LTDA;SIMPLES NACIONAL;INAPTO;R ANTONIA SOUZA MONTES, 45;SAO CONRADO;ARACAJU;49042060;R$ 22.858,24
271581719;EMPORIO DO BEM COMERCIO LTDA;SIMPLES NACIONAL;ATIVO;RUA FRANCISCO PORTUGAL, 497 ,SALA 02 TERREO;SALGADO FILHO;ARACAJU;49020390;R$ 66.034,91
271582979;RAIA DROGASIL S A;NORMAL;ATIVO;AV BARAO DE MARUIM, 908;CENTRO;ARACAJU;49010340;R$ 339.646,21
271583371;PETROX COMERCIAL LTDA;NORMAL;ATIVO;AV INACIO BARBOSA, 6450;ARUANA;ARACAJU;49001377;R$ 13.964,30
271585005;REI DOS REIS DROGARIA E PERFUMARIA LTDA - ME;SIMPLES NACIONAL;ATIVO;AV CORONEL SIZINO DA ROCHA, 71 ,LOJA 02;JABOTIANA;ARACAJU;49095590;R$ 13.103,89
271585315;DAP   PRODUTOS FARMACEUTICOS LTDA;NORMAL;INAPTO;AV ANTONIO ALVES, 348;ATALAIA;ARACAJU;49037050;R$ 93.640,54
271587415;DELICATESSEN BRIOCHE LTDA ME;SIMPLES NACIONAL;ATIVO;R FRANCISCO GUMERCINDO BESSA, 100;GRAGERU;ARACAJU;49025220;R$ 12.064,62
271589795;FARM CIA SOUZA LTDA;NORMAL;INAPTO;AV ADELIA FRANCO, 3735 ,ANEXO A SALA - C;INACIO BARBOSA;ARACAJU;49040020;R$ 65.870,53
271593334;FARMACIA CALAZANS LTDA;SIMPLES NACIONAL;ATIVO;"AV SANTA GLEIDE, 1008 ,CASA A;";OLARIA;ARACAJU;49090270;R$ 56.372,88
271594250;FORMULA EXATA COMERCIO VAREJISTA DE PRODUTOS FARMACEUTICOS LTDA;NORMAL;ATIVO;AV MINISTRO GERALDO BARRETO SOBRAL, 2100 ,EDF GARAGEJFC TRADE CENTER SALA - 22;JARDINS;ARACAJU;49026010;R$ 24.205,25
271594446;ALANA MOREIRA DE ARAUJO;SIMPLES NACIONAL;ATIVO;AV GAL EUCLIDES FIGUEIREDO, 70;JAPAOZINHO;ARACAJU;49088245;R$ 29.437,57
271595434;DROGARIAS FZB ATALAIA LTDA;NORMAL;ATIVO;"AV ANTONIO ALVES, 628 ,SALA 01;";ATALAIA;ARACAJU;49037050;R$ 89.690,34
271596635;EMPREENDIMENTOS PAGUE MENOS S A;NORMAL;ATIVO;AV DESEMBARGADOR MAYNARD, 836;CIRURGIA;ARACAJU;49055210;R$ 276.134,28
271600535;DISTRIBUIDORA RIO S O FRANCISCO LTDA;NORMAL;ATIVO;"R PRES NELSON MANDELA, 20 ,LOTE 04;";PONTO NOVO;ARACAJU;49097656;R$ 113.265,68
271601094;FARMA MAIS SAUDE LTDA;NORMAL;INAPTO;R PADRE NESTOR SAMPAIO, 408 ,LOJA 01;PONTO NOVO;ARACAJU;49045000;R$ 16.142,39
271601400;EMPORIO BRUMAR PRODUTOS NATURAIS LTDA;NORMAL;INAPTO;"PCA DA IMPRENSA, 66 ,LOJA 410;";SALGADO FILHO;ARACAJU;49015170;R$ 457.251,51
271601582;DROGARIA MAIS ECONOMICA LTDA;SIMPLES NACIONAL;ATIVO;AV VISC MARACAJU, 553 ,LOJA A;DEZOITO DO FORTE;ARACAJU;49072000;R$ 13.505,03
271601647;WAGNER DE ALBUQUERQUE PINTO LTDA;NORMAL;ATIVO;R GONCALO PRADO ROLEMBERG, 43;SAO JOSE;ARACAJU;49015230;R$ 90.819,79
271604492;EMPREENDIMENTOS PAGUE MENOS S A;NORMAL;ATIVO;AV BARAO DE MARUIM, 365;SAO JOSE;ARACAJU;49015000;R$ 307.422,31
271605928;DROGARIA JARDIM ATLANTICO LTDA;SIMPLES NACIONAL;ATIVO;R MARIA REZENDE MACHADO, 1025;COROA DO MEIO;ARACAJU;49035128;R$ 18.996,46
271608846;FARMACIA PASSOS AGUIAR LTDA;SIMPLES NACIONAL;ATIVO;AV DOUTOR CARLOS FIRPO, 238 ,238 A SALA - A;CENTRO;ARACAJU;49010250;R$ 119.038,77
271610131;DROGARIA MAIS ECONOMICA LTDA;SIMPLES NACIONAL;ATIVO;AV VISCONDE DE MARACAJU, 195;PALESTINA;ARACAJU;49060270;R$ 57.775,44
271611618;RAIA DROGASIL S A;NORMAL;ATIVO;AV SIMEAO SOBRAL, 556;INDUSTRIAL;ARACAJU;49065770;R$ 398.482,53
271612819;RABELO E CIA LTDA;NORMAL;ATIVO;TR BAHIA, 626;SIQUEIRA CAMPOS;ARACAJU;49075110;R$ 215.810,24
271614382;EMPREENDIMENTOS PAGUE MENOS S A;NORMAL;ATIVO;PCA DOS NAVEGANTES, 136;FAROLANDIA;ARACAJU;49032110;R$ 703.024,36
271615010;FARMACIA DO TRABALHADOR NOVO TEMPO  LTDA;SIMPLES NACIONAL;ATIVO;AV JORNALISTA JUAREZ CONRADO DANTAS, 518;SANTA MARIA;ARACAJU;49043466;R$ 36.212,04
271615249;NEVES PRODUTOS FARMACEUTICOS LTDA;SIMPLES NACIONAL;ATIVO;R DR BENEDITO GUEDES, 310;COROA DO MEIO;ARACAJU;49036070;R$ 32.022,32
271615583;PLENAPHARMA FARMCIA E MANIPULAO LTDA;SIMPLES NACIONAL;ATIVO;"R CAMPO DO BRITO, 314 ,SALA 03;";SO JOS;ARACAJU;49015460;R$ 101.883,29
271615826;EMPORIO BRUMAR PRODUTOS NATURAIS LTDA;NORMAL;INAPTO;"PCA DA IMPRENSA, 15 ,LOJA 01 CENT MED JARDINS;";TREZE DE JULHO;ARACAJU;49020500;R$ 302.345,90
271615842;30.844.018 ELAYNE NOGUEIRA DE MELO;SIMEI;ATIVO;R DE RIACHAO, 858 ,CASA;CIRURGIA;ARACAJU;49055255;R$ 18.108,52
271616571;AC2 PRODUTOS FARMACEUTICOS LTDA;SIMPLES NACIONAL;ATIVO;R CONEGO JOSE FELIX DE OLIVEIRA, 637;COROA DO MEIO;ARACAJU;49035170;R$ 16.776,31
271617497;DROGARIA FZB SIQUEIRA CAMPOS LTDA;NORMAL;INAPTO;"R SANTA CATARINA, 454 ,PAVMTO TERREO;";SIQUEIRA CAMPOS;ARACAJU;49075520;R$ 301.648,67
271618353;LWA COMERCIAL LTDA;NORMAL;INAPTO;AV HERMES FONTES, 1568 ,LOJA  17;LUZIA;ARACAJU;49045760;R$ 16.471,19
271621524;NATURE COMERCIO DE PRODUTOS SAUDAVEIS LTDA;SIMPLES NACIONAL;ATIVO;"R ANANIAS AZEVEDO, 92 ,LOJA 04;";TREZE DE JULHO;ARACAJU;49020080;R$ 52.565,90
271622261;ACCS FARMACIA LTDA;NORMAL;ATIVO;AV JORN JUAREZ CONRADO DANTAS, 522;SANTA MARIA;ARACAJU;49043466;R$ 19.570,03
271623411;FARMACIA NOSSA SENHORA DOS REMEDIOS LTDA;SIMPLES NACIONAL;ATIVO;"AV JOSINO JOSE DE ALMEIDA, 375 ,LOJA A;";FAROLANDIA;ARACAJU;49030070;R$ 145.931,45
271624167;VMS COSMETICOS E PERFUMARIA LTDA;NORMAL;ATIVO;"AV BARAO DE MARUIM, 321 ,SALA S;PAVMTO TERREO;";SAO JOSE;ARACAJU;49015000;R$ 275.702,73
271625180;31.602.566 ALBA EMILIA FIEL DE OLIVEIRA CAMPOS ALVES;SIMEI;ATIVO;R LAGARTO, 2177 ,SALA - 04;CENTRO;ARACAJU;49010390;R$ 75.436,87
271625627;FARMARCIA ITABAIANA LTDA;NORMAL;INAPTO;R JACI OLIVEIRA DOS REIS, 76 ,LOJA 01;DOM LUCIANO;ARACAJU;49071075;R$ 29.296,50
271625783;DROGARIA FARMA PLUS LTDA;NORMAL;ATIVO;AV VISC MARACAJU, 46;PALESTINA;ARACAJU;49060350;R$ 62.848,59
271632445;SOARES ANDRADE EMPREENDIMENTOS FARMACEUTICOS LTDA;SIMPLES NACIONAL;ATIVO;R UNIVERSO, 73;INACIO BARBOSA;ARACAJU;49040610;R$ 29.768,90
271632623;ATACADAO DOS SUPLEMENTOS SE LTDA;NORMAL;INAPTO;AV HERMES FONTES, 96 ,LOJA B SALA - B;SUICA;ARACAJU;49052000;R$ 325.624,80
271634251;EMPREENDIMENTOS PAGUE MENOS S A;NORMAL;ATIVO;"AV EMPRESARIO JOSE CARLOS SILVA, 4977 ,LOTE 1 A;";SAO CONRADO;ARACAJU;49042190;R$ 312.456,82
271637579;MARIA ELIDIANE NASCIMENTO PANTA;SIMPLES NACIONAL;ATIVO;TR BAHIA, 1172;SIQUEIRA CAMPOS;ARACAJU;49075110;R$ 20.451,59
271637692;MOREIRA EMPREENDIMENTOS FARMACEUTICOS LTDA;SIMPLES NACIONAL;ATIVO;AV POCO DE MERO, 6;BUGIO;ARACAJU;49090000;R$ 12.730,98
271638907;BS DISTRIBUIDORA HOSPITALAR  LTDA;NORMAL;ATIVO;"R DEP MATOS TELES, 501 ,LOJA 01;";LUZIA;ARACAJU;49048070;R$ 73.448,15
271641797;RAIA DROGASIL S A;NORMAL;ATIVO;R MAXIMIANO GERALDO DE OLIVEIRA, 494;SIQUEIRA CAMPOS;ARACAJU;49075610;R$ 364.714,74
271642459;DROGARIA FZB SANTOS DUMONT LTDA;NORMAL;ATIVO;R S FRANCISCO DE ASSIS, 1103;SANTOS DUMONT;ARACAJU;49087000;R$ 130.893,10
271643463;EMPREENDIMENTOS PAGUE MENOS S A;NORMAL;ATIVO;AV ANTONIO FAGUNDES SANTANA, 268;TREZE DE JULHO;ARACAJU;49020070;R$ 575.032,93
271643617;DROGARIA FZB SANTA MARIA LTDA;NORMAL;ATIVO;"AV ALEXANDRE ALCINO, 1200 ,LOJA 01;";SANTA MARIA;ARACAJU;49030000;R$ 147.197,81
271644311;LIFECENTER SUPLEMENTOS E MINIMERCADOS LTDA;NORMAL;ATIVO;"R MANOEL SANTOS SILVA, 7 ,LOJA A;";PONTO NOVO;ARACAJU;49097400;R$ 514.027,23
271644443;EMPREENDIMENTOS PAGUE MENOS S A;NORMAL;ATIVO;AV MARANHAO, 13;SANTO ANTONIO;ARACAJU;49060400;R$ 319.857,23
271644915;CF FARMACIA LTDA;SIMPLES NACIONAL;INAPTO;"AV GONCALO PRADO ROLEMBERG, 404 ,LOJA A TERREO;";SALGADO FILHO;ARACAJU;49015230;R$ 18.972,51
271648627;RABELO E CIA LTDA;NORMAL;ATIVO;"AV HERMES FONTES, 948 ,LOJA B;";SUICA;ARACAJU;49050000;R$ 98.918,92
271651539;FARMACIA ALVES E SANDES LTDA;SIMPLES NACIONAL;ATIVO;"R STA TEREZINHA, 103 ,LOJA A;";CIDADE NOVA;ARACAJU;49070355;R$ 52.114,07
271651784;RAIA DROGASIL S A;NORMAL;ATIVO;R MAJ JOAO TELES, 7;JABOTIANA;ARACAJU;49095230;R$ 633.308,63
271652632;EMPORIO BRUMAR PRODUTOS NATURAIS LTDA;NORMAL;INAPTO;"AV MINISTRO GERALDO BARRETO SOBRAL, 215 ,LOJA A 0405;";JARDINS;ARACAJU;49026010;R$ 547.508,69
271655704;WMB SUPERMERCADOS DO BRASIL LTDA.;NORMAL;ATIVO;AV DEP SILVIO TEIXEIRA, 870;JARDINS;ARACAJU;49025100;R$ 100.223,64
271656026;SANTANA EMPREENDIMENTOS FARMAC UTICOS LTDA;NORMAL;ATIVO;R STA TEREZINHA, 377 ,LOJA 01;CIDADE NOVA;ARACAJU;49070355;R$ 20.749,27
271658010;RAIA DROGASIL S A;NORMAL;ATIVO;AV JOSINO JOSE DE ALMEIDA, 909;FAROLANDIA;ARACAJU;49030070;R$ 433.302,93
271658150;VASCONCELOS DISTRIBUIDORA LTDA;SIMPLES NACIONAL;ATIVO;R ACRE, 1286 ,CASA 4;AMERICA;ARACAJU;49080010;R$ 841.990,98
271659041;NDS DISTRIBUIDORA DE MEDICAMENTOS LTDA;NORMAL;ATIVO;"AV SAO JOAO BATISTA, 1354 ,GALPAO 02;";PONTO NOVO;ARACAJU;49097000;R$ 242.678,69
271659866;G.B DE OLIVEIRA & CIA LTDA;NORMAL;ATIVO;R ITABAIANINHA, 250;CENTRO;ARACAJU;49010190;R$ 126.413,68
271660902;FARMCIA DO TRABALHADOR DO PEREIRA LTDA;SIMPLES NACIONAL;ATIVO;"R RAFAEL DE AGUIAR, 950 ,LOJA 02;";PEREIRA LOBO;ARACAJU;49045280;R$ 24.229,59
271662077;OLIVEIRA EMPREENDIMENTOS II LTDA;SIMPLES NACIONAL;ATIVO;AV JORGE AMADO, 1466 ,LOJA 08;JARDINS;ARACAJU;49025330;R$ 98.396,32
271662638;DROGARIAS FZB COROA DO MEIO LTDA;NORMAL;ATIVO;AV MARIO JORGE MENEZES VIEIRA, 59 ,LOJA  01 SALA - 01;COROA DO MEIO;ARACAJU;49035000;R$ 122.848,24
271663308;DIOGO RACOES LTDA;SIMPLES NACIONAL;ATIVO;RUA SAO FRANCISCO DE ASSIS, 671;SANTOS DUMONT;ARACAJU;49087132;R$ 13.831,84
271665262;HUGO RODRIGUES DE OLIVEIRA;SIMPLES NACIONAL;ATIVO;"R NICANOR TELES DE ANDRADE, 36 ,LOJA A;";JABOTIANA;ARACAJU;49095270;R$ 12.483,32
271665815;SENDAS DISTRIBUIDORA S A;NORMAL;ATIVO;AV MELICIO MACHADO, 240 ,LOTE 01;AEROPORTO;ARACAJU;49038443;R$ 64.689,57
271666374;COMERCIO ANERI FIT  LTDA;SIMPLES NACIONAL;ATIVO;R LEOPOLDO MESQUITA, 54;GRAGERU;ARACAJU;49025380;R$ 366.473,15
271676418;FARMACIA DO MILAGROSO REMEDIO LTDA;SIMPLES NACIONAL;ATIVO;"RDV CHICO MENDES, 1113 ,LOJA C;";ZONA DE EXPANSAO;ARACAJU;49007000;R$ 62.741,25
271677694;PET CENTER COMERCIO E PARTICIPACOES S.A.;NORMAL;INAPTO;AV MINISTRO GERALDO BARRETO SOBRAL, 140;GRAGERU;ARACAJU;49027255;R$ 60.596,61
271683430;NEW LINE DISTRIBUIDORA LTDA;NORMAL;INAPTO;AV GAL EUCLIDES FIGUEIREDO, 55 ,LOJA A;LAMARAO;ARACAJU;49088245;R$ 90.741,69
271684682;DROGARIAS ULTRA POPULAR F. PORTO LTDA;NORMAL;ATIVO;AV FRANCISCO PORTO, 151;JARDINS;ARACAJU;49025230;R$ 113.473,68
271688050;DROGAMAIS FARMACIA LTDA;SIMPLES NACIONAL;ATIVO;R MARIA VASCONCELOS DE ANDRADE, 457 ,LOJA    N  457 C;ZONA DE EXPANSAO;ARACAJU;49000626;R$ 32.413,26
271689420;DROGARIAS FZB BUGIO LTDA;NORMAL;ATIVO;"AV POCO DO MERO, 120 ,CASA B;";BUGIO;ARACAJU;49090000;R$ 157.910,52
271690283;RESTAURANTE E DELICATESSEN ITABAIANA  LTDA;SIMPLES NACIONAL;ATIVO;AV DR CARLOS FIRPO;CENTRO;ARACAJU;49010250;R$ 20.062,19
271691581;RABELO E CIA LTDA;NORMAL;INAPTO;AV VISC MARACAJU, 115;CIDADE NOVA;ARACAJU;49070100;R$ 60.529,87
271691638;DROGARIAS FZB MERCADO LTDA;NORMAL;ATIVO;"AV COELHO E CAMPOS, 58 ,SALA 08;";INDUSTRIAL;ARACAJU;49065210;R$ 80.482,69
271693304;ADX PHARMA LTDA;NORMAL;INAPTO;AV ANTONIO CABRAL, 95 ,LOJA 01;INDUSTRIAL;ARACAJU;49065090;R$ 96.005,88
271696168;EUFRAZIO TELES DE FREITAS-85339679349;SIMEI;ATIVO;AV POCO DO MERO, 164 ,CASA B;BUGIO;ARACAJU;49090000;R$ 18.247,79
271697881;R S SOUZA ALVES MEDICAMENTOS;SIMPLES NACIONAL;ATIVO;AV CONFIANCA, 417;INDUSTRIAL;ARACAJU;49065230;R$ 17.652,00
271698195;FLOR DE CACTO COMERCIO DE PRODUTOS SAUDAVEIS LTDA;SIMPLES NACIONAL;ATIVO;R JOAO OURO, 81 ,LOJA A;JABOTIANA;ARACAJU;49095180;R$ 39.375,29
271698616;EMPRESARIAL FERNANDES  LTDA;NORMAL;INAPTO;"R DELMIRO GOUVEIA, 400 ,QUIOSQ Q112;";COROA DO MEIO;ARACAJU;49035900;R$ 31.500,91
271698918;FARMACIA DO TRABALHADOR MARACAJU  LTDA;SIMPLES NACIONAL;INAPTO;"AV ALEXANDRE ALCINO, 2800 ,LOTE 05 E 06  RESIDENCIA;";SANTA MARIA;ARACAJU;49044000;R$ 54.150,68
271700050;DRN MEDICAMENTOS LTDA;NORMAL;INAPTO;AV FABIO JOSE CARDOSO RAMOS, 115 ,LOJA 01;AEROPORTO;ARACAJU;49037000;R$ 50.744,22
271701323;G.B DE OLIVEIRA & CIA LTDA;NORMAL;ATIVO;AV MELICIO MACHADO, 540;AEROPORTO;ARACAJU;49038443;R$ 434.412,19
271701331;G.B DE OLIVEIRA & CIA LTDA;NORMAL;ATIVO;R JOAO PESSOA, 42;CENTRO;ARACAJU;49010130;R$ 168.464,66
271701340;G.B DE OLIVEIRA & CIA LTDA;NORMAL;ATIVO;R STA CATARINA, 350;SIQUEIRA CAMPOS;ARACAJU;49075520;R$ 222.191,85
271701587;ARISEL PRODUTOS FARMAC UTICOS  LTDA;NORMAL;INAPTO;AV DEP PEDRO VALADARES, 780;GRAGERU;ARACAJU;49025090;R$ 15.524,44
271703903;RAIA DROGASIL S A;NORMAL;ATIVO;"AV MELICIO MACHADO, 580 ,BLOCO D A;";AEROPORTO;ARACAJU;49038443;R$ 700.049,96
271703920;DAP   PRODUTOS FARMACEUTICOS LTDA;NORMAL;INAPTO;R LARANJEIRAS, 200;CENTRO;ARACAJU;49010000;R$ 43.070,73
271704497;SOUZA E CAVALCANTE COMERCIAL LTDA;NORMAL;ATIVO;R ROBERTO MORAIS, 110;SANTOS DUMONT;ARACAJU;49087520;R$ 31.640,24
271705264;KADU PRODUTOS NATURAIS LTDA;NORMAL;ATIVO;R AMAPA, 393;SIQUEIRA CAMPOS;ARACAJU;49075050;R$ 948.968,52
271707062;FERNANDO ARAUJO BARRETO E CIA LTDA;NORMAL;ATIVO;AV EMPRESARIO JOSE CARLOS SILVA, 436 ,LOJA 03 SALA - 03;SAO CONRADO;ARACAJU;49042190;R$ 132.517,61
271709200;ACADEMIA OZ FITNESS LTDA   ME;NORMAL;ATIVO;AV GAL EUCLIDES FIGUEIREDO, 1889 ,GALPAO01;SOLEDADE;ARACAJU;49089025;R$ 53.672,31
271709677;AMANDA SIQUEIRA DE LIMA DANTAS LTDA;NORMAL;ATIVO;AV MELICIO MACHADO, 1390 ,LOTE 01 TEMPLO;AEROPORTO;ARACAJU;49038443;R$ 20.411,31
271712864;DROGARIAS FZB ATACAREJO LTDA;NORMAL;ATIVO;R PROF FLORENTINO MENESES, 282 ,LOJA 01;CENTRO;ARACAJU;49010680;R$ 129.000,77
271715219;SUSY VERENA NASCIMENTO BITENCOURT-02689500590;NORMAL;INAPTO;R JOS DEODORO DOS SANTOS, 170 ,SALA - 0;LUZIA;ARACAJU;49048390;R$ 133.673,17
271715588;RR2 PRODUTOS FARMACEUTICOS LTDA;SIMPLES NACIONAL;ATIVO;AV RIO GRANDE DO SUL, 1506;NOVO PARAISO;ARACAJU;49082000;R$ 31.541,27
271722258;DAP   PRODUTOS FARMACEUTICOS LTDA;NORMAL;INAPTO;AV BARAO DE MARUIM, 719;SAO JOSE;ARACAJU;49015000;R$ 286.870,25
271723726;FARMACIA G & W COMERCIAL LTDA;SIMPLES NACIONAL;ATIVO;RDV CHICO MENDES, 945 ,LOJA A;ZONA DE EXPANSAO;ARACAJU;49007000;R$ 31.119,48
271724862;ATACADAO S.A.;NORMAL;ATIVO;AV PRES TANCREDO NEVES, 3550;PONTO NOVO;ARACAJU;49097510;R$ 23.066,83
271727640;ORGAFARMA ORGANIZACAO FARMACEUTICA LTDA;NORMAL;ATIVO;R PAULO HENRIQUE MACHADO PIMENTEL, 330 ,GALPAO08 CORREIOS;INACIO BARBOSA;ARACAJU;49040740;R$ 348.941,95
271730951;LWA COMERCIAL LTDA;NORMAL;INAPTO;AV DR ADEL NUNES, 1059;FAROLANDIA;ARACAJU;49052125;R$ 27.794,27
271731214;FALCON FUTEBOL CLUBE;NORMAL;ATIVO;AV GONCALO PRADO ROLEMBERG, 497 ,SALA  07                  PAVMTO01;SALGADO FILHO;ARACAJU;49015230;R$ 19.476,24
271731230;ARMAZEM & GRAOS PRODUTOS SAUDAVEIS LTDA;SIMPLES NACIONAL;ATIVO;AV PEDRO PAES DE AZEVEDO, 784 ,SALA 01;GRAGERU;ARACAJU;49025570;R$ 176.412,34
271733195;CLINICA VETERINARIA MIADO DE GATO LTDA;SIMPLES NACIONAL;ATIVO;R CB WALBERT DIAS SOARES, 304 ,LOJA 01;SAO CONRADO;ARACAJU;49043060;R$ 28.312,80
271738405;AMANDA SIQUEIRA DE LIMA DANTAS LTDA;NORMAL;ATIVO;R DR CELSO OLIVA, 77;TREZE DE JULHO;ARACAJU;49020090;R$ 30.510,35
271740124;40.332.919 HOSANILTON LUCAS ALVES DE FREITAS;NORMAL;INAPTO;R NOSSA SENHORA DAS DORES, 508;SUICA;ARACAJU;49052170;R$ 116.387,09
271740817;THAIS MARCELY DE OLIVEIRA SILVA-04371411525;SIMEI;ATIVO;R PARAIBA, 500;JOSE CONRADO DE ARAUJO;ARACAJU;49085510;R$ 141.603,38
271742623;GILVAN AISLAN SANTOS DA FONSECA;SIMPLES NACIONAL;ATIVO;AV RIO BRANCO, 186 ,SALA 203;CENTRO;ARACAJU;49010030;R$ 234.157,26
271743107;AMANDA SIQUEIRA DE LIMA DANTAS LTDA;NORMAL;ATIVO;AV MARANHAO, 1205;DEZOITO DO FORTE;ARACAJU;49072000;R$ 31.891,69
271745096;BRENDA OLIVEIRA DA SILVA FARMACIA;NORMAL;ATIVO;AV MONTEIRO LOBATO, 540 ,SALA 01;ATALAIA;ARACAJU;49037220;R$ 15.932,38
271746556;FARMACIA RT CHAVES LTDA;NORMAL;INAPTO;AV JOSIMO JOSE DE ALMEIDA, 853;FAROLANDIA;ARACAJU;49030000;R$ 17.327,34
271746610;BELEM & CIA  LTDA;NORMAL;INAPTO;R MINS NELSON HUNGRIA, 155 ,LOJA 1030 PAV SUPERIOR;LUZIA;ARACAJU;49045510;R$ 37.470,37
271747897;KJM PHARMACOS & COSMETICOS LTDA;NORMAL;ATIVO;AV ANIZIO AZEVEDO, 304 ,LOJA 02;TREZE DE JULHO;ARACAJU;49020243;R$ 10.353,96
271748222;TIAGO DE JESUS REIS;SIMPLES NACIONAL;ATIVO;AV JOSE C DE ARAUJO B INDUSTRIAL, 102;INDUSTRIAL;ARACAJU;49065470;R$ 83.064,11
271752521;JR ATACADO E VAREJO DE RACOES LTDA;NORMAL;INAPTO;R ANTONIO ANDRADE, 777 ,CASA A;COROA DO MEIO;ARACAJU;49035050;R$ 24.120,70
271754222;FARMACIA DO TRABALHADOR PRECO BAIXO LTDA;NORMAL;ATIVO;AV JOSE DOMINGOS MAIA, 1363 ,LOJA 01;ZONA DE EXPANSAO;ARACAJU;49009010;R$ 123.430,30
271754354;EMPRIO EDSON LTDA;SIMPLES NACIONAL;ATIVO;AV DR JOSE THOMAS D AVILA NABUCO, 715;FAROLANDIA;ARACAJU;49030100;R$ 342.508,86
271756241;FARM CIA POPULAR NOVA VIDA LTDA;SIMPLES NACIONAL;ATIVO;AV GAL EUCLIDES FIGUEIREDO, 2889;PORTO D ANTAS;ARACAJU;49067013;R$ 12.708,14
271757140;ANTONIA GERALCIDA SILVA LEAL;SIMPLES NACIONAL;ATIVO;R FENELON SANTOS, 606 ,LOJA 04;SALGADO FILHO;ARACAJU;49020350;R$ 12.545,19
271760893;FTV PRODUTOS FARMACEUTICOS LTDA;SIMPLES NACIONAL;ATIVO;AV GONCALO ROLEMBERG LEITE, 2210;PEREIRA LOBO;ARACAJU;49052225;R$ 18.486,90
271761423;ZILMAR FELIX DO NASCIMENTO JUNIOR FARMACIA;SIMPLES NACIONAL;ATIVO;R STA CATARINA, 396;SIQUEIRA CAMPOS;ARACAJU;49075520;R$ 23.816,87
271762330;19.397.134 DIEGO CAROSO SANTANA;SIMEI;ATIVO;PCA MAJOR EDELTRUDES TELES, 258;FAROLANDIA;ARACAJU;49030510;R$ 61.626,05
271769467;MIASKOK DERMOCOSM TICOS LTDA;SIMPLES NACIONAL;ATIVO;R AQUIDABA, 59;SUICA;ARACAJU;49050070;R$ 12.091,98
271770511;ADRIELL DOS SANTOS NASCIMENTO-05904199511;NORMAL;INAPTO;R ROBERTO DE MORAIS, 290 ,SALA - B;DEZOITO DO FORTE;ARACAJU;49072620;R$ 51.066,96
271774959;EMPREENDIMENTOS PAGUE MENOS S A;NORMAL;ATIVO;AV PRES TANCREDO NEVES, 5373;JABOTIANA;ARACAJU;49095000;R$ 444.375,61
271775157;LIFECENTER SUPLEMENTOS E MINIMERCADOS LTDA;NORMAL;ATIVO;AV CHANC OSVALDO ARANHA, 690 ,LOJA A;JOSE CONRADO DE ARAUJO;ARACAJU;49085100;R$ 593.452,12
271775513;EMPORIO PAU BRASIL LTDA;SIMPLES NACIONAL;ATIVO;AV DR EDELZIO VIEIRA DE MELO, 54;SAO JOSE;ARACAJU;49015280;R$ 56.660,05
271781114;IONARIA FERREIRA DO NASCIMENTO;SIMPLES NACIONAL;INAPTO;R D ABIGAIL FERREIRA ARAUJO RAMOS, 538 ,SALA 01 TERREO1;LUZIA;ARACAJU;49047440;R$ 40.031,03
271781998;DROGARIA FTB H. PALACE LTDA;NORMAL;ATIVO;PCA GAL VALADAO, 395 ,SALA 101 E 102 HOTEL PALA;CENTRO;ARACAJU;49010520;R$ 398.080,64
271782935;DISTRIBUIDORA ARACAJU LTDA;NORMAL;ATIVO;TR MANOEL PRETO, 26;BAIRRO SANTO ANTONIO;ARACAJU;49060053;R$ 16.165,34
271785764;ROCHA PRODUTOS FARMACEUTICOS LTDA;SIMPLES NACIONAL;ATIVO;AV JOAO BATISTA DA COSTA, 151;DEZESSETE DE MARCO;ARACAJU;49003232;R$ 75.223,75
271786280;CIMED & CO. S.A.;NORMAL;ATIVO;TR J, 95;INACIO BARBOSA;ARACAJU;49040000;R$ 1.811.521,49
271788151;LLA PRODUTOS FARMACEUTICOS LTDA;SIMPLES NACIONAL;INAPTO;R URUGUAI, 154;AMERICA;ARACAJU;49080520;R$ 55.628,88
271794224;LLM COMERCIO LTDA;SIMPLES NACIONAL;INAPTO;R DELMIRO GOUVEIA, 400 ,LOJA 270 B;COROA DO MEIO;ARACAJU;49035900;R$ 20.121,60
271795859;DROGARIA SERGIPE LTDA;SIMPLES NACIONAL;INAPTO;AV PAULO FIGUEIREDO BARRETO, 530 ,LOJA A;LAMARAO;ARACAJU;49070000;R$ 96.386,57
271796057;ALINE A S DE OLIVEIRA FARMACIA;SIMPLES NACIONAL;ATIVO;R BRASIL, 1442 ,LOJA 02;MARIVAN;ARACAJU;49043478;R$ 26.841,88
271798084;EMPORIO NATURAL LTDA;SIMPLES NACIONAL;ATIVO;R FENELON SANTOS, 504;SALGADO FILHO;ARACAJU;49020350;R$ 407.868,46
271798114;RR2 PRODUTOS FARMACEUTICOS LTDA;SIMPLES NACIONAL;ATIVO;AV GAL EUCLIDES FIGUEIREDO, 2720 ,LOJA A;PORTO D ANTAS;ARACAJU;49067013;R$ 22.058,24
271800631;D DA C OLIVEIRA DERIVALDO DA COSTA OLIVEIRA FARMACIA E DROGARIA;SIMPLES NACIONAL;INAPTO;R ITAMAR SULZ ROCHA, 126 ,LOJA  TERREO;SAO CONRADO;ARACAJU;49042750;R$ 57.806,72
271800658;DROGARIA FARMA PLUS LTDA;NORMAL;ATIVO;AV JOSINO JOSE DE ALMEIDA, 534 ,LOJA 05;FAROLANDIA;ARACAJU;49030070;R$ 50.948,71
271802910;MERCADITO FIT PRODUTOS NATURAIS LTDA;SIMPLES NACIONAL;ATIVO;AV LIONS CLUB, 158 ,SALA 02;ATALAIA;ARACAJU;49037420;R$ 245.384,59
271803487;MATEUS SUPERMERCADOS S.A.;NORMAL;ATIVO;AV CHANC OSVALDO ARANHA, 1110;JOSE CONRADO DE ARAUJO;ARACAJU;49085100;R$ 47.293,99
271803673;FARMACIA PREMIUM LTDA;SIMPLES NACIONAL;ATIVO;R MARIA DIONETE SANTOS DE SOUZA, 364 ,LOJA A;FAROLANDIA;ARACAJU;49030280;R$ 21.228,55
271807369;SOBRAL HPC DISTRIBUIDORA LTDA;NORMAL;INAPTO;AV SAO JOAO BATISTA, 1438 ,LOTE 05 06;PONTO NOVO;ARACAJU;49097000;R$ 2.121.823,72
271807547;SANTA CLARA PRODUTOS FARMACEUTICOS LTDA;SIMPLES NACIONAL;ATIVO;AV DULCE DINIZ, 190 ,SALA 11;LUZIA;ARACAJU;49048430;R$ 23.698,08
271808918;FARMACIAS JARDINS LTDA;SIMPLES NACIONAL;ATIVO;R SGT BRASILIANO, 647;SANTOS DUMONT;ARACAJU;49087580;R$ 12.189,46
271809655;J C SANTOS FARMACIA;NORMAL;INAPTO;AV ALEXANDRE ALCINO, 3105 ,LOJA 02;SANTA MARIA;ARACAJU;49044000;R$ 85.749,31
271811315;CENTRO DE APOIO LUCI LUCI ARACAJU LTDA;NORMAL;INAPTO;AV ANTNIO ALVES, 714 ,SALA - 04;ATALAIA;ARACAJU;49037050;R$ 29.959,50
271813466;MARIA SOLANGE DOS SANTOS-27299015587;SIMEI;ATIVO;AV VISCONDE MARACAJU, 324 ,CASA A;18 DO FORTE;ARACAJU;49072300;R$ 32.804,75
271816040;SUPERMERCADO AQUARIOS LTDA;NORMAL;ATIVO;R MARIA VASCONCELOS DE ANDRADE, 1010;ARUANA;ARACAJU;49033031;R$ 10.032,58
271820551;SENDAS DISTRIBUIDORA S A;NORMAL;ATIVO;AV ADELIA FRANCO, 3735;INACIO BARBOSA;ARACAJU;49040020;R$ 116.859,74
271823615;DROGAMAIS FARMACIA LTDA;SIMPLES NACIONAL;ATIVO;AV JOAO BATISTA DA COSTA, 615 ,LOJA A;DEZESSETE DE MARCO;ARACAJU;49003232;R$ 75.445,17
271825685;33.688.309 WILLYANE SANTOS DE SOUZA;NORMAL;INAPTO;R PROMOTOR GENESIO CAVALCANTE FROES, 34 ,LOJA 4;JABOTIANA;ARACAJU;49095700;R$ 109.273,87
271826355;FARMACIA DROGAMAIS LTDA;SIMPLES NACIONAL;ATIVO;"R ALAGOAS, 755 ,LOJA 01  ACOUGUE;";SIQUEIRA CAMPOS;ARACAJU;49075030;R$ 10.738,81
271832070;OLIVEIRA COMERCIAL PET LTDA;NORMAL;ATIVO;"AV DES MAYNARD, 831 ,TERREO 01;";PEREIRA LOBO;ARACAJU;49052335;R$ 16.748,30
271832894;ASSOCIACAO ARACAJUANA DE BENEFICENCIA;PRESTADOR DE SERVICO;ATIVO;AV SIMEAO SOBRAL, 1312;DEZOITO DO FORTE;ARACAJU;49072720;R$ 52.663,62
271836954;DROGARIA REZENDE LTDA;SIMPLES NACIONAL;ATIVO;R S FRANCISCO DE ASSIS, 620;SANTOS DUMONT;ARACAJU;49087000;R$ 26.203,02
271836970;FARMA MAIS LTDA;SIMPLES NACIONAL;ATIVO;AV JOAO RIBEIRO, 1337 ,LOJA A;SANTO ANTONIO;ARACAJU;49060330;R$ 26.514,71
271838566;EASY MINIMERCADO LTDA;SIMPLES NACIONAL;ATIVO;"AV MURILO DANTAS, 300 ,LOJA 21B;";FAROLANDIA;ARACAJU;49032490;R$ 38.420,71
271838736;SOUZA ADMINISTRADORA E COMERCIO LTDA;NORMAL;INAPTO;"R ITABAIANA, 14 ,SALA 02;";CENTRO;ARACAJU;49010170;R$ 116.970,69
271839511;COBASI COMERCIO DE PRODUTOS BASICOS E INDUSTRIALIZADOS S.A.;NORMAL;ATIVO;"R DELMIRO GOUVEIA, 400 ,LOJA B3; SALA - B3";COROA DO MEIO;ARACAJU;49035900;R$ 31.366,55
271841214;CAJARANA PRODUTOS NATURAIS LTDA;SIMPLES NACIONAL;ATIVO;R SANDOVAL MANUEL DOS SANTOS, 16 ,SALA - 04;ATALAIA;ARACAJU;49037831;R$ 38.633,70
271841885;RABELO E CIA LTDA;NORMAL;ATIVO;LRG ESPERANTO, 371 ,LOJA 20   FARMACIA;CENTRO;ARACAJU;49010210;R$ 200.900,77
271842296;CENUTRI   CL NICA ESPECIALIZADA DE NUTRI  O LTDA;NORMAL;ATIVO;AV MARIO JORGE MENEZES VIEIRA, 2375 ,LOJA 02 TERREOCENTRO MEDICO DECOS SALA - 2;COROA DO MEIO;ARACAJU;49035000;R$ 207.348,49
271844078;FTA SANTOS PRODUTOS FARMACEUTICOS LTDA;SIMPLES NACIONAL;ATIVO;AV GAL EUCLIDES FIGUEIREDO, 197 ,LOJA A;SOLEDADE;ARACAJU;49089025;R$ 13.152,42
271846801;JC TEIXEIRA COMERCIO ATACADISTA LTDA;NORMAL;ATIVO;R JOSINO MENEZES, 110;PONTO NOVO;ARACAJU;49047210;R$ 101.978,73
271847042;LL COMERCIO ATACADISTA LTDA;NORMAL;ATIVO;R JOSINO MENEZES, 124;PONTO NOVO;ARACAJU;49047210;R$ 466.235,71
271847360;DISTRIBUIDORA GOIS LTDA;NORMAL;ATIVO;"TR MONTE CASTELO, 143 ,TERREO 01;";DEZOITO DO FORTE;ARACAJU;49072480;R$ 16.730,84
271852143;BDA PRODUTOS NATURAIS LTDA;SIMPLES NACIONAL;INAPTO;R JOSE CARVALHO PINTO, 280 ,LOJA  04   AREA 02;JARDINS;ARACAJU;49026150;R$ 408.148,76
271853344;ORGANI SE EMPORIO LTDA;SIMPLES NACIONAL;ATIVO;"R MANOEL ESPIRITO SANTO, 20 ,SALA A;";GRAGERU;ARACAJU;49025440;R$ 32.150,41
271854901;41.723.827 DEYVSON BEZERRA DA SILVA;SIMEI;ATIVO;R L, 57;SAO CONRADO;ARACAJU;49043343;R$ 31.440,96
271857293;DEBORA DE SOUZA OLIVEIRA LTDA;SIMPLES NACIONAL;INAPTO;R DEOSANE VIEIRA DE FREITAS, 4604;GRAGERU;ARACAJU;49026040;R$ 15.713,35
271859555;NATHAN SOARES MELO;SIMPLES NACIONAL;INAPTO;"AV DES MAYNARD, 598 ,PAVMTO TERRIO;";CIRURGIA;ARACAJU;49055210;R$ 13.343,80
271861304;DROGARIAS ULTRA POPULAR FAROLANDIA LTDA;NORMAL;ATIVO;AV DR JOSE THOMAS D AVILA NABUCO, 745;FAROLANDIA;ARACAJU;49030100;R$ 79.564,26
271861851;DROGARIA FZB AUGUSTO FRANCO LTDA;NORMAL;ATIVO;"AV JOSINO JOSE DE ALMEIDA, 255 ,LOJA A;";FAROLANDIA;ARACAJU;49030070;R$ 61.983,95
271862734;ARTESANAL ALIMENTOS SAUDAVEIS LTDA;NORMAL;INAPTO;R JOSE DE OLIVEIRA BARROS, 104;AEROPORTO;ARACAJU;49037370;R$ 16.075,77
271867043;FARMACIA MENOR PRECO LTDA;NORMAL;ATIVO;"AV MARIO JORGE MENEZES VIEIRA, 2375 ,LOJA 11; TERREO CENTRO MEDICO DECOS;";COROA DO MEIO;ARACAJU;49035000;R$ 71.972,75
271867221;BOX DAS RACOES DISTRIBUIDORA LTDA;NORMAL;ATIVO;R SILVIO ROMERO, 320 ,ANEXO 328;SANTO ANTONIO;ARACAJU;49000000;R$ 177.630,25
271868562;WMS SUPERMERCADOS DO BRASIL LTDA.;NORMAL;ATIVO;"R GONCALO PRADO ROLEMBERG, 1540 ,LOJA 01;";SAO JOSE;ARACAJU;49015230;R$ 14.970,21
271870400;TLL COMERCIO ATACADISTA LTDA;NORMAL;INAPTO;R STA TEREZINHA  SITIO DIAMANTE, 121 ,SN;PONTO NOVO;ARACAJU;49047460;R$ 79.608,44
271873973;WEVERTON CARLOS DOS SANTOS;SIMPLES NACIONAL;ATIVO;AV STA GLEIDE, 978;OLARIA;ARACAJU;49092125;R$ 29.890,81
271874066;LSA PRODUTOS FARMACEUTICOS LTDA;SIMPLES NACIONAL;ATIVO;AV FRANCISCO JOSE DA FONSECA, 1522 ,LOJA  A SALA - A;SAO CONRADO;ARACAJU;49042000;R$ 46.760,50
271874562;BODANI NEGOCIOS LTDA;NORMAL;INAPTO;AV GOV PAULO BARRETO DE MENEZES, 590 ,LOJA A;TREZE DE JULHO;ARACAJU;49020010;R$ 113.906,57
271874635;JOSE MIGUEL ARCANJO DOS SANTOS-90119533553;NORMAL;INAPTO;R JOSE FRANCISCO MATIAS, 523;ZONA DE EXPANSAO(ARUANA);ARACAJU;49008649;R$ 23.059,60
271874805;PLURAL FARMA SERGIPE COMERCIO DE MEDICAMENTOS LTDA;NORMAL;INAPTO;R STA CATARINA, 425;SIQUEIRA CAMPOS;ARACAJU;49075520;R$ 366.263,10
271875291;RR2 PRODUTOS FARMACEUTICOS LTDA;SIMPLES NACIONAL;ATIVO;AV GAL EUCLIDES FIGUEIREDO, 19;SOLEDADE;ARACAJU;49089025;R$ 11.074,54
271875984;LENILSON LIMA MOTA SUPERMERCADO LTDA;NORMAL;ATIVO;AV ADELIA FRANCO, 2234 ,LOJA 02;LUZIA;ARACAJU;49048010;R$ 62.936,46
271876131;RAIA DROGASIL S A;NORMAL;ATIVO;AV HERMES FONTES, 1573;GRAGERU;ARACAJU;49026020;R$ 334.102,95
271876182;EMPREENDIMENTOS PAGUE MENOS S A;NORMAL;ATIVO;AV FARM CEZARTINA REGIS, 7;JABOTIANA;ARACAJU;49095100;R$ 574.786,51
271878207;HIPOLITO E CARVALHO PRODUTOS FARMACEUTICOS LTDA;SIMPLES NACIONAL;ATIVO;R CAP ISAIAS ALVES DE SOUZA, 1092 ,LOJA A;SAO CONRADO;ARACAJU;49043240;R$ 10.016,42
271880155;WILLAMS BARBOZA DOS SANTOS;SIMPLES NACIONAL;ATIVO;R MARIA VASCONCELOS DE ANDRADE, 74 ,LOJA 01  LOT AQUARIUS 2 E;ARUANA;ARACAJU;49033031;R$ 16.604,58
271880775;FARMACIA SAO JUDAS TADEU LTDA;NORMAL;INAPTO;"R PANAMA, 90 ,LOJA A;";AMERICA;ARACAJU;49080400;R$ 16.250,21
271881550;FARMED COMERCIO DE MEDICAMENTOS LTDA;SIMPLES NACIONAL;ATIVO;AV VISC MARACAJU, 29 ,LOJA 01;SANTO ANTONIO;ARACAJU;49060530;R$ 67.667,45
271882530;JGME COMERCIO DE PRODUTOS NATURAIS LTDA;SIMPLES NACIONAL;INAPTO;AV GONCALO ROLEMBERG LEITE, 1556 ,LOJA  B SALA - A;SUICA;ARACAJU;49050370;R$ 20.268,51
271882808;SINGULEVE FARMACIA LTDA;SIMPLES NACIONAL;ATIVO;R DR CELSO OLIVA, 153;TREZE DE JULHO;ARACAJU;49020090;R$ 21.769,95
271885343;GEVERSON BRUNO ALVES DOS SANTOS-00218208561;SIMEI;ATIVO;R VINTE E UM DE ABRIL, 320 ,CASA;DEZOITO DO FORTE;ARACAJU;49072760;R$ 54.029,79
271885912;FARMACIAS DROGAMED LTDA;NORMAL;INAPTO;AV ANTONIO ASSIS XAVIER, 70 A, 55;B INDUSTRIAL;ARACAJU;49066290;R$ 15.815,14
271888490;RAIA DROGASIL S A;NORMAL;ATIVO;R APULCRO MOTA, 702;CENTRO;ARACAJU;49010230;R$ 166.011,71
271889438;AMANDA SIQUEIRA DE LIMA DANTAS LTDA;NORMAL;ATIVO;AV AV JORGE AMADO, 575;JARDINS;ARACAJU;49025330;R$ 17.649,59
271892919;FARMACIA SAO BERNARDO LTDA;SIMPLES NACIONAL;ATIVO;"R STA TEREZINHA, 146 ,SALA 03;";SANTO ANTONIO;ARACAJU;49060183;R$ 28.003,62
271893672;49.165.378 WYTALLO PABLLO SANTOS DA FONSECA;SIMEI;ATIVO;R ALAGOAS, 71;SIQUEIRA CAMPOS;ARACAJU;49075030;R$ 70.439,42
271895454;SEO MERCADO LTDA;SIMPLES NACIONAL;ATIVO;AV DOUTOR JOSE MACHADO DE SOUZA, 220 ,SALA 802 CD GENTIL BARBOS;JARDINS;ARACAJU;49025740;R$ 18.703,29
271896396;EXATAFARMA FARMACIAS LTDA;NORMAL;ATIVO;"R ALEXSANDRO MOTA PRADO, 336 ,LOJA 01;";AEROPORTO;ARACAJU;49037693;R$ 38.393,02
271898917;CENTRAL COMERCIO DE SUPLEMENTOS FAROLANDIA LTDA;SIMPLES NACIONAL;ATIVO;AV MURILO DANTAS, 6;FAROLANDIA;ARACAJU;49032490;R$ 122.094,97
271898968;FARMACIA R J LTDA;NORMAL;ATIVO;AV STA GLEIDE, 1003 ,LOJA 1;OLARIA;ARACAJU;49092125;R$ 139.463,50
271899379;DROGARIAS ULTRA POPULAR LTDA;NORMAL;ATIVO;R G LOT PORTO SUL, 17 ,LOTE 115 QD 01 LOT PORTO;ARUANA;ARACAJU;49000599;R$ 100.695,01
271901284;ESTRELA D ALVA PRODUTOS NATURAIS LTDA;SIMPLES NACIONAL;ATIVO;TR BAHIA, 440;SIQUEIRA CAMPOS;ARACAJU;49075110;R$ 92.113,09
271901721;49.698.758 JOSE KAYQUE SANTOS DE ALMEIDA;SIMPLES NACIONAL;ATIVO;AV AV POCO DO MERO, 284;BUGIO;ARACAJU;49090000;R$ 24.627,66
271902892;O EMPORIO NATURALLE LTDA;SIMPLES NACIONAL;ATIVO;R ACRE, 252 ,LOJA 01;SIQUEIRA CAMPOS;ARACAJU;49075010;R$ 31.286,36
271902990;FLORA PRODUTOS NATURAL LTDA;SIMPLES NACIONAL;ATIVO;R PROM GENESIO CAVALCANTE FROES, 34 ,SALA 3 CASA LOTERICA;JABOTIANA;ARACAJU;49095700;R$ 81.230,92
271903481;FARMACIA MENOR PRECO LUZIA LTDA;SIMPLES NACIONAL;ATIVO;"AV HERMES FONTES, 1702 ,LOJA C;";LUZIA;ARACAJU;49045760;R$ 62.688,99
271903821;SEU EMPORIO LTDA;SIMPLES NACIONAL;ATIVO;"R CHEROBINA DE CARVALHO PINTO, 73 ,LOJA 02;";JARDINS;ARACAJU;49025820;R$ 154.505,79
271908513;PETROX COMERCIAL LTDA;NORMAL;ATIVO;AV MONTEIRO LOBATO, 850;ATALAIA;ARACAJU;49037450;R$ 12.332,03
271908530;FARMACIA LEAL LTDA;SIMPLES NACIONAL;ATIVO;R S FRANCISCO DE ASSIS, 1601 ,LOJA  A;DOM LUCIANO;ARACAJU;49071022;R$ 19.353,61
271909218;CENTRAL DO SUPLEMENTO MERCADO NATURAL ARACAJU LTDA;SIMPLES NACIONAL;ATIVO;AV EMPRESARIO JOSE CARLOS SILVA, 4826;SAO CONRADO;ARACAJU;49042190;R$ 1.305.733,99
271913649;BOX DAS RACOES DISTRIBUIDORA LTDA;NORMAL;ATIVO;AV OTONIEL DOREA, 88 ,BOX 29 MERCADO MARIA VI;CENTRO;ARACAJU;49010010;R$ 24.991,01
271914378;DROGARIAS FZB GRAGERU LTDA;NORMAL;INAPTO;AV MARIA FONSECA DE MORAES, 258 ,LOJA A;OLARIA;ARACAJU;49092450;R$ 58.279,07
271918683;GTA PRODUTOS NATURAIS LTDA;SIMPLES NACIONAL;ATIVO;AV JORGE AMADO, 1589 ,LOJA B;JARDINS;ARACAJU;49025330;R$ 164.242,51
271919469;FARMACIA MILAGRE LTDA;SIMPLES NACIONAL;ATIVO;AV JOSIMO JOSE DE ALMEIDA, 205;FAROLANDIA;ARACAJU;49030000;R$ 54.278,20
271920149;RAIA DROGASIL S A;NORMAL;ATIVO;AV ANTONIO FAGUNDES SANTANA, 267 ,LOTE 01;TREZE DE JULHO;ARACAJU;49020070;R$ 416.113,91
271922354;HIPER CARNE JABOTIANA LTDA;NORMAL;ATIVO;"R MAJ JOAO TELES, 44 ,SALA 03; S N";JABOTIANA;ARACAJU;49095230;R$ 65.202,61
271924560;IGUASPORT LTDA;NORMAL;ATIVO;"R DELMIRO GOUVEIA, 400 ,LOJA 404;";COROA DO MEIO;ARACAJU;49035900;R$ 108.500,93
271925124;50.857.511 NADJA MARIA SOUZA VIEIRA;SIMEI;INAPTO;"R DEPUTADO CLOVIS ROLLEMBERG, 227 ,LOJA 05;TERREO VILLAGE MAL";ATALAIA;ARACAJU;49037120;R$ 32.681,76
271932724;G & G COMERCIO DE PRODUTOS NATURAIS LTDA;SIMPLES NACIONAL;ATIVO;AV HELIO DE SOUZA LEAO, 669 ,LOJA 17;JARDINS;ARACAJU;49026209;R$ 46.144,79
271937416;FARMACIA MAIS POR MENOS LTDA;SIMPLES NACIONAL;INAPTO;R PARAIBA, 526 ,LOJA  A;JOSE CONRADO DE ARAUJO;ARACAJU;49085510;R$ 27.934,63
271953730;FARMACIA POPULAR DO BUGIO LTDA;SIMPLES NACIONAL;ATIVO;AV POCO DO MERO, 1523 ,LOJA A;BUGIO;ARACAJU;49090000;R$ 28.524,21
271956755;AMANDA SIQUEIRA DE LIMA DANTAS LTDA;NORMAL;ATIVO;R TEN ARAGAO, 630 ,GALPAO05;FAROLANDIA;ARACAJU;49032060;R$ 136.276,11
271969245;BMB SE2 DISTRIBUIDORA DE ALIMENTOS LTDA;NORMAL;ATIVO;R ANTONIA SOUZA MONTES, 77;SAO CONRADO;ARACAJU;49042060;R$ 265.235,69
271988266;VIEIRA FARMA FARMACIA DO TRABALHADOR LTDA;SIMPLES NACIONAL;ATIVO;TR PERNAMBUCO, 1010;SIQUEIRA CAMPOS;ARACAJU;49075600;R$ 11.873,20
272002577;RAIA DROGASIL S A;NORMAL;ATIVO;AV OVIEDO TEIXEIRA, 65;JARDINS;ARACAJU;49026100;R$ 671.036,92
272006793;52.623.745 IKARO HENRIQUE MENDES DIAS;NORMAL;INAPTO;AV BARAO DE MARUIM ,LOJA S N;CENTRO;ARACAJU;49010340;R$ 12.696,93
272008400;52.660.811 ERICK MATHIAS COSTA;NORMAL;INAPTO;R JOSE DO PRADO FRANCO, 607 ,LOJA 35;CENTRO;ARACAJU;49010110;R$ 19.760,59
272008591;BRUMAR BRASIL PRODUTOS NATURAIS LTDA;SIMPLES NACIONAL;INAPTO;"AV CAP JOAQUIM MARTINS FONTES, 290 ,LOJA 01;";FAROLANDIA;ARACAJU;49032016;R$ 163.955,57
272013820;NOSSO GRANEL ARACAJU LTDA;NORMAL;INAPTO;AV HERMES FONTES, 1761;GRAGERU;ARACAJU;49026020;R$ 119.639,10
272014826;DAVID MOREIRA SANTOS JUNIOR;SIMPLES NACIONAL;ATIVO;R DEOCLIDES AZEVEDO, 7 ,LOJA A;PONTO NOVO;ARACAJU;49097170;R$ 10.206,06
272060151;53.379.268 NORMELIA MATOS SOARES MORAIS;SIMEI;INAPTO;R ARMANDO BARROS, 421;LUZIA;ARACAJU;49045080;R$ 49.981,21
272066729;DROGARIA, FARMA PLUS LTDA;SIMPLES NACIONAL;ATIVO;"R CB WALBERT DIAS SOARES, 304 ,LOJA 04;";SAO CONRADO;ARACAJU;49043060;R$ 21.923,65
272069043;MS SUPLEMENTOS AJU LTDA;SIMPLES NACIONAL;ATIVO;"R CAPELA, 167 ,LOJA 02;";CENTRO;ARACAJU;49010370;R$ 345.568,10
272079774;53.868.736 CLEANE SALES ARAUJO;SIMEI;ATIVO;R MIRON DE OLIVEIRA RIBEIRO, 245;SANTO ANTONIO;ARACAJU;49060440;R$ 20.365,12
272085839;ESTACAO GRANEL EMPORIO SAUDAVEL LTDA;NORMAL;INAPTO;"R DELMIRO GOUVEIA, 400 ,QUIOSQ Q102;";COROA DO MEIO;ARACAJU;49035900;R$ 46.122,90
272088013;EASY PRODUTOS NATURAIS LTDA;SIMPLES NACIONAL;ATIVO;"AV MURILO DANTAS, 300 ,LOJA 16;";FAROLANDIA;ARACAJU;49032490;R$ 76.460,85
272092380;A.S FARMA LTDA;SIMPLES NACIONAL;ATIVO;"R ELIZA CORREIA OLIVEIRA, 1410 ,LOJA B;";ARUANA;ARACAJU;49000596;R$ 17.394,95
272108723;FARMACIA DO TRABALHADOR PRECO BAIXO LTDA;NORMAL;ATIVO;AV SAO JOAO BATISTA, 321 ,LOJA A;PONTO NOVO;ARACAJU;49097000;R$ 123.589,91
272108740;JTA MEDICAMENTOS LTDA;SIMPLES NACIONAL;ATIVO;"AV JOAO RODRIGUES, 42 ,LOJA 1063 ARACAJU PARQUE;";INDUSTRIAL;ARACAJU;49065450;R$ 77.807,52
272114154;BOX DAS RACOES DISTRIBUIDORA LTDA;NORMAL;ATIVO;AV DES MAYNARD, 1059;PEREIRA LOBO;ARACAJU;49052335;R$ 15.695,90
272125180;FARMACIA DO TRABALHADOR PRA VOCE LTDA;NORMAL;ATIVO;R MURIBECA, 2 ,LOJA 1;SANTO ANTNIO;ARACAJU;49060470;R$ 36.994,18
272141798;LL COMERCIO DE PRODUTOS FARMACEUTICOS LTDA;NORMAL;ATIVO;"R CASTRO ALVES, 561 ,LOJA A;";PONTO NOVO;ARACAJU;49047090;R$ 17.410,08
272145254;VITA E LONGEVITA DM2 SERVICOS DE SAUDE LTDA;SIMPLES NACIONAL;INAPTO;R ARAUA, 882;SAO JOSE;ARACAJU;49015250;R$ 22.107,20
272162396;EXATAFARMA FARMACIAS LTDA;NORMAL;ATIVO;R GONCALO PRADO ROLEMBERG, 211 ,LOJA 07 CENTRO DE SAUDE P;SAO JOSE;ARACAJU;49015230;R$ 10.028,23
272167550;56.212.629 DAVI BOMFIM DA CRUZ;SIMEI;ATIVO;R CAPITANIAS HEREDITARIAS, 42;SANTA MARIA;ARACAJU;49044200;R$ 17.746,49
272168610;ATAKAREJO DISTRIBUIDOR DE ALIMENTOS E BEBIDAS S.A;NORMAL;ATIVO;AV ADELIA FRANCO, 2350;LUZIA;ARACAJU;49048010;R$ 23.412,99
272176567;TCJ COMERCIO DE LATICINIOS E FRIOS LTDA;SIMPLES NACIONAL;ATIVO;R BENIGNA DA PAIXAO MORAES, 17;ARUANA;ARACAJU;49001252;R$ 11.417,70
272196096;57.406.941 MARLEIDE DE OLIVEIRA MENEZES;SIMEI;ATIVO;R LUIZ CARLOS DE AGUIAR MACHADO ,53A;JABOTIANA;ARACAJU;49095480;R$ 51.716,17
