NOME DO ESTABELECIMENTO;LOGRADOURO;NUMERO;BAIRRO;CEP;ENCONTRADO
ATACADÃO DO SUPLEMENTO SE;AV HERMES FONTES;96 B;SUÍÇA;49052000.0;Não Encontrado
LIFECENTER SUPLEMENTOS;R ESTANCIA;646;CENTRO;49010180.0;Encontrado
FIBRAJU SUPLEMENTOS;R LUIZ CARLOS DE AGUIAR MACHADO;53A;JABOTIANA;49095480.0;Encontrado
LIFECENTER SUPLEMENTOS;AV PADRE NESTOR SAMPAIO;749;LUZIA;49045970.0;Não Encontrado
CENTRAL DO SUPLEMENTO - ARACAJU;AV MURILO DANTAS;06;FAROLÂNDIA;49032490.0;Não Encontrado
CENTRAL DO SUPLEMENTO ARACAJU (MEGA LOJA);AV JOSÉ CARLOS SILVA;4844;SÃO CONRADO;49042190.0;Não Encontrado
LIFECENTER SUPLEMENTOS;AV ADÉLIA FRANCO;3116;LUZIA;49048010.0;Não Encontrado
GIBÃO SUPLEMENTOS;R BRASIL;12;MARIVAN;49039095.0;Não Encontrado
SUPLEMENTOS SERGIPE;ANEXO À ACADEMIA SPORT CONNECTION - AV GOV. PAULO BARRETO DE MENEZES;590;13 DE JULHO;49020010.0;Não Encontrado
MS SUPLEMENTOS;R EDUARDO DANTAS DO ESPÍRITO SANTO;505;SÃO CONRADO;49042140.0;Não Encontrado
GARAGEM SUPLEMENTOS;R QUIRINO;1020;INÁCIO BARBOSA;49040700.0;Não Encontrado
K.FITNESS (@KLEDSON_FITNESS);R DOM JOSÉ THOMAZ;286;SÃO JOSÉ;49015090.0;Não Encontrado
ATACADÃO DO SUPLEMENTO FAROLÂNDIA;AV DR JOSÉ TOMAZ D'AVILA NABUCO;379;FAROLÂNDIA;49030270.0;Não Encontrado
ARMAZÉM FIT STORE ARACAJU;AV PROF. ACRÍSIO CRUZ;360;SALGADO FILHO;49020210.0;Não Encontrado
KADU EMPÓRIO NATURAL;R ABGAIL FERREIRA ARAÚJO RAMOS;439;LUZIA;49047440.0;Não Encontrado
OXIGÊNIO SUPLEMENTOS;AV GONÇALO PRADO ROLEMBERG;1135;SÃO JOSÉ;49025040.0;Não Encontrado
5 FIVE SUPLEMENTOS;R PARAÍBA;500;SIQUEIRA CAMPOS;49085510.0;Não Encontrado
NATUZA PRODUTOS NATURAIS E SUPLEMENTOS;R MANOEL SANTOS SILVA;05;PONTO NOVO;49097480.0;Não Encontrado
IRON LIFE NUTRIÇÃO E SAÚDE;GALERIA CENTER SÃO JOSÉ - R LAGARTO;2177;SALGADO FILHO;49020290.0;Não Encontrado
ARMAZÉM E GRÃOS - PRODUTOS NATURAIS;GALERIA VILA NOVA - AV PEDRO PAES AZEVEDO;784;GRAGERU;49025570.0;Não Encontrado
MIX SUPLEMENTOS AJU;R ALAGOAS;71;SIQUEIRA CAMPOS;49075030.0;Encontrado
SOUZAJRSHOP;R OLIVEIRA BARROS;782;PONTO NOVO;49047290.0;Não Encontrado
MS SUPLEMENTOS;R CAPELA;167;CENTRO;49010370.0;Encontrado
BIO NUTRI SUPPLEMENTS;R SÃO FRANCISCO DE ASSIS;549;SANTOS DUMONT;49087000.0;Não Encontrado
GAMA SUPLEMENTOS;AV FRANCISCO JOSÉ DA FONSECA;600;SÃO CONRADO;49042000.0;Não Encontrado
SILVANEIDE CONSULTORA JAN ROSÊ - ARACAJU/SE;AV DR EDELZIO VIEIRA DE MELO;ARACAJU;SUÍÇA;49015350.0;Não Encontrado
LIZIA COSTA- SUPLEMENTOS E BEM ESTAR;R ORLANDO MAGALHÃES MAIA;1330;JARDINS;49025530.0;Não Encontrado
LOJA DE SUPLEMENTOS DIEGO CAROSO;R H4;258;FAROLÂNDIA;49030510.0;Não Encontrado
NATIVA FIT SUPLEMENTOS NATURAIS;;;;;Não Encontrado
LIFE CENTER SUPLEMENTOS;R MANOEL SANTOS SILVA;7;PONTO NOVO;49097400.0;Encontrado
TYPE NUTRITION;AV JORGE AMADO;515;JARDINS;49025330.0;Encontrado
ESPAÇO VIDA SAUDÁVEL DA JU;R MARIA DE LOURDES RAMOS GONÇALVES;105;;49030100.0;Não Encontrado
JR SUPLEMENTOS / SÃO CRISTÓVÃO / ARACAJU;R AMINTAS MACHADO DE JESUS;270;;49100000.0;Não Encontrado
KADU DISTRIBUIDORA;R AMAPÁ;393;SIQUEIRA CAMPOS;49080040.0;Não Encontrado
VIVAZ PRODUTOS SAUDÁVEIS;R LEOPOLDO MESQUITA;393;GRAGERU;49025395.0;Não Encontrado
CIA DA SAÚDE • ARACAJU;DENTRO DO SUPERMERCADO GBARBOSA;155;LUZIA;49045510.0;Não Encontrado
VITRINE NATURAL;AV DESEMBARGADOR JOÃO BOSCO DE ANDRADE LIMA;411;ATALAIA;49037130.0;Não Encontrado
MERCATO VERDE;R JACINTO UCHÔA DE MENDONÇA;129;GRAGERU;49026160.0;Não Encontrado
SUPRIMONSTER;R GOV. JOÃO ALVES FILHO;411;;49100000.0;Não Encontrado
AIMARA PRODUTOS NATURAIS;R ZAQUEU BRANDÃO;70;SÃO JOSÉ;49015330.0;Não Encontrado
VIVA NATURE;ACESSO PELA - R ANANIAS AZEVEDO;92;13 DE JULHO;49020085.0;Não Encontrado
NUTRITION SPORTS;R DEP. EUCLÍDES PAES MENDONÇA - 13 DE JULHO;ARACAJU;13 DE JULHO;49020460.0;Não Encontrado
ALMA LEVE PRODUTOS NATURAIS;AV GONÇALO ROLEMBERG LEITE;1556;LUZIA;49050370.0;Não Encontrado
SUPLEMENTO NATURAL - TOOP COR;R ARNALDO MACIEL DE ANDRADE - FAROLÂNDIA;ARACAJU;FAROLÂNDIA;49030490.0;Não Encontrado
MAROMBA STORE AJU;AV SANTA GLEIDE - OLARIA;ARACAJU;OLARIA;49092125.0;Não Encontrado
CEDIS-ARACAJU O 1O. DA OMNILIFE BRASIL;AV HERMES FONTES;871;SÃO JOSÉ;49020550.0;Não Encontrado
ZEUS SUPLEMENTOS;R ALOÍSIO CAMPOS;739;ATALAIA;49035020.0;Não Encontrado
GH SUPLEMENTOS;R MOIZETE LEITE MENDONÇA;107;JABOTIANA;49095650.0;Não Encontrado
ANERI PRODUTOS NATURAIS;R LEOPOLDO MESQUITA;54;GRAGERU;49025380.0;Encontrado
VIVA MELHOR SUPPLEMENT;R JOÃO MELO - LUZIA;ARACAJU;LUZIA;49045670.0;Não Encontrado
IMPÉRIO PRODUTOS NATURAIS;R ABGAIL FERREIRA ARAÚJO RAMOS;538;LUZIA;49047440.0;Não Encontrado
SHAKE MAJU;AV JORGE AMADO;1589;JARDINS;49025330.0;Encontrado
FISIOAJU;SHOPPING FAROL - AV MURILO DANTAS;881;FAROLÂNDIA;49032490.0;Não Encontrado
FLORA PURA ARACAJU;R FENELON SANTOS;N 606;SALGADO FILHO;49020350.0;Encontrado
CROCODILO SUPLEMENTOS;R MANOEL SANTOS SILVA;7;;49097400.0;Não Encontrado
MERCADITO FIT JORGE AMADO;AV JORGE AMADO;1589;JARDINS;49025330.0;Encontrado
ZECA SUPLEMENTOS;R ROBERTO MORAIS;288;SANTOS DUMONT;49072620.0;Não Encontrado
DONA QUITANDA EMPÓRIO;R DO CARMO;84;SANTO ANTÔNIO;49060080.0;Não Encontrado
ESPAÇO VIDA SAUDÁVEL WELISSON ARAÚJO;R CAMPO DO BRITO;390;13 DE JULHO;49020380.0;Não Encontrado
FARMÁCIA ELEMENTAR ARACAJU SE;AV GONÇALO PRADO ROLEMBERG;404;SALGADO FILHO;49020580.0;Não Encontrado
ÔMEGAS E CIA;R CAPELA - CENTRO;ARACAJU;CENTRO;49010370.0;Não Encontrado
CASA NATURAL;AV QUIRINO;1145;INÁCIO BARBOSA;49040700.0;Não Encontrado
POINT SUPLE;R LARANJEIRAS;1091;GETÚLIO VARGAS;49055380.0;Não Encontrado
TNT SUPLEMENTOS MATRIZ;R LARANJEIRAS;649;CENTRO;49010000.0;Encontrado
LÍDER AMWAY ARACAJU;R GEN. CEROA DA MOTA;210;18 DO FORTE;49072275.0;Não Encontrado
BODYACTION FIT SUPLEMENTOS;AV GOV. PAULO BARRETO DE MENEZES;590;13 DE JULHO;49020010.0;Não Encontrado
MERCADITO FIT BARRA DOS COQUEIROS;ROD. JOSÉ DE CAMPOS;618;;49140000.0;Não Encontrado
SONUTRI LOJA DE SUPLEMENTOS, FITOTERÁPICOS E PRODUTOS NATURAIS;R MAJ. HUNALDO DOS SANTOS - FAROLÂNDIA;ARACAJU;FAROLÂNDIA;49030520.0;Não Encontrado
SHOP SKULL SUPLEMENTOS;R: OSVALDO SAMPAIO - NOVO PARAÍSO;ARACAJU;NOVO PARAÍSO;49082385.0;Não Encontrado
GIFF SUPLEMENTOS;R SÃO FRANCISCO DE ASSIS;696;SANTOS DUMONT;49087000.0;Não Encontrado
SUPLEMENTOS DE ACADEMIA;R SÃO FRANCISCO DE ASSIS;661;SANTOS DUMONT;49087000.0;Não Encontrado
MM SUPLEMENTOS 17SE;AV ARACAJU;391;;49160000.0;Não Encontrado
SLIMCENTER;R ENG. HERNAN CENTURION;760;JARDINS;49025170.0;Não Encontrado
CASA NUTRI SLIM;R PASSOS CABRAL 34 SALA B FUNDO DA IGREJA CATÓLICA SANTA RITA DE CASSIA FICA ENFRENTE A ENTRADA DE MORADORES DO CONDOMÍNIO VIVENDAS DE ARACAJU SIQUEIRA CAMPOS;ARACAJU;;49075260.0;Não Encontrado
FORTIN SUPLEMENTOS NUTRICIONAIS;ENDEREÇO R SESSENTA E UM;12;;49100000.0;Não Encontrado
SUPLE079;R ARNALDO DANTAS;450;SANTO ANTÔNIO;49060040.0;Não Encontrado
SÓ BORA SUPLEMENTOS;R JOSÉ SEVERO DOS SANTOS;274;INDUSTRIAL;49066230.0;Não Encontrado
ALKHEMIAS EMPÓRIO NATURAL;R EDUARDO CRUZ;ARACAJU;INDUSTRIAL;49065330.0;Não Encontrado
PORÃO SUPLEMENTOS;AV GOV. SEBASTIÃO CELSO DE CARVALHO;1288;;49160000.0;Não Encontrado
REI DOS NATURAIS;R JOÃO PESSOA;607;CENTRO;49010110.0;Não Encontrado
NUTRI VIDA;AV PRES. JUSCELINO KUBITSCHECK;899;SANTOS DUMONT;49087020.0;Não Encontrado
ATIVA PRODUTOS MÉDICOS HOSPITALARES;R LEONEL CURVELO;868;SUÍÇA;49052125.0;Não Encontrado
TUBARÃO AJU SUPLEMENTOS;AV POÇO DO MERO;284;BUGIO;49090000.0;Não Encontrado
DINO SUPLEMENTOS;R ISMAEL PEREIRA;370;SANTOS DUMONT;49087290.0;Não Encontrado
TNT SUPLEMENTOS SHOPPING JARDINS;AV MINISTRO GERALDO BARRETO SOBRAL - JARDINS;ARACAJU;JARDINS;49026010.0;Não Encontrado
REDE SPN;AV MINISTRO GERALDO BARRETO SOBRAL;215;JARDINS;49026010.0;Encontrado
TNT PRIME;AV JORGE AMADO;845;13 DE JULHO;49025330.0;Não Encontrado
LIFECENTER SUPLEMNTOS;AV CHANC OSVALDO ARANHA;690;JOSÉ CONRADO DE ARAÚJO;49010180.0;Não Encontrado
PRODUTOS HERBALIFE PRONTA ENTREGA ARACAJU E REGIÃO;AV CONSELHEIRO JOÃO MOREIRA FILHO;2151;COROA DO MEIO;49035655.0;Não Encontrado
REVITALLE;AV;137;SIQUEIRA CAMPOS;49075510.0;Encontrado
EVS HERBALIFE CENTRO RUA ITABAIANA 211;R CAMPO DO BRITO;1051;13 DE JULHO;49010170.0;Não Encontrado
TNT FARMA;R CAMPO DO BRITO;1051;13 DE JULHO;49020590.0;Não Encontrado
FLORA BRASIL | PRODUTOS NATURAIS;R BAHIA;440;SIQUEIRA CAMPOS;49075000.0;Encontrado
RAIZES HORTIFRUTI - ARACAJU;R MONSENHOR OLÍVIO TEIXEIRA;1333;JARDINS;49026225.0;Não Encontrado
DISTRIBUIDORA SILVA;R JAPARATUBA;802;SANTO ANTÔNIO;49060300.0;Não Encontrado
LIFECENTER SUPLEMENTOS;R PARAÍBA;690;AMÉRICA;49085510.0;Não Encontrado
SHOPPING DO DEDÉ;R JUAREZ DE OLIVEIRA RIBEIRO;21;FAROLÂNDIA;49031220.0;Não Encontrado
TRACK&FIELD;R CAP. BENEDITO TEÓFILO OTONÍ;392;13 DE JULHO;49020050.0;Não Encontrado
ALOE COM CANELA;R PACATUBA;208;CENTRO;49010150.0;Não Encontrado
ROVAL FARMÁCIA DE MANIPULAÇÃO ARACAJU: SUPLEMENTOS, CHÁS, NUTRIÇÃO, SE;AV HERMES FONTES;722;SUÍÇA;49052000.0;Não Encontrado
LOJA PERFORMANCE;R DR WILSON ROCHA;ARACAJU;GRAGERU;49025130.0;Não Encontrado
SS SUPRIMENTOS;AV AUGUSTO FRANCO;1899;PEREIRA LOBO;49052230.0;Não Encontrado
FOCO FIT3 SUPLEMENTOS;R TRINTA E SEIS;467;;49160000.0;Não Encontrado
CONSULTOR HERBALIFE - CLÁUDIO MAYNART;BLOCO 5 - R JASIEL DE BRITO CORTEZ;50;JABOTIANA;49095780.0;Não Encontrado
THE SLEX;R SÃO CRISTÓVÃO;1192;CENTRO;49055620.0;Não Encontrado
AMINO RIGHT ARACAJU;;;;;Não Encontrado
PRIME7 SUPLEMENTOS;;;;;Não Encontrado
DROGARIAS ULTRA POPULAR;AV FRANCISCO PORTO;151;JARDINS;49025230.0;Encontrado
BRUMAR SHOPPING RIOMAR;AV DELMIRO GOUVEIA;400;COROA DO MEIO;49035500.0;Encontrado
DROGARIA SUPERFARMA POPULAR - SIQUEIRA CAMPOS;R SANTA CATARINA;224;SIQUEIRA CAMPOS;49075520.0;Encontrado
TNT OUTLET SIQUEIRA CAMPOS;ANEXO AO POSTO BR - AV CHANCELER OSVALDO ARANHA;704;SIQUEIRA CAMPOS;49085100.0;Não Encontrado
LIFE4 SUPLEMENTOS;AV MANOEL PEDRO DOS SANTOS NETO;276;;49160000.0;Não Encontrado
TUCHE FITNESS;AV HERMES FONTES;96;SUÍÇA;49015260.0;Não Encontrado
REGATASAJU MODA FITNESS;AV DES. MAYNARD;1094;SUÍÇA;49055210.0;Não Encontrado
MIASKOK DERMOCOSMÉTICOS;GALERIA ÀLAMO - R CAMPO DO BRITO;167;13 DE JULHO;49020380.0;Não Encontrado
FARIAS SUPLEMENTOS;CENTRO HISTÓRICO;49160;;49160000.0;Não Encontrado
HEALTH & WELLNESS;;;;;Não Encontrado
ESPAÇO VIDA SAUDÁVEL WAGNER E SHEILA;R AMAZONAS;825;SIQUEIRA CAMPOS;49075240.0;Não Encontrado
